system,site,persistence,n_frames,mean_score,mean_drugg,mean_volume,cx,cy,cz,tier,nearest_prod_dist,classification
S3_PICALM_ANTH,206,0.1272,51,0.0257,0.087,343.9,50.96,39.44,34.88,Tier2,5.0,canonical
S3_PICALM_ANTH,355,0.1172,47,0.0354,0.1293,398.1,53.4,60.69,54.61,Tier2,1.7,canonical
S3_PICALM_ANTH,436,0.1147,46,-0.007,0.09,323.0,67.32,44.29,53.65,Tier2,5.4,canonical
S3_PICALM_ANTH,195,0.1122,45,0.068,0.0929,460.0,56.25,36.17,41.7,Tier2,3.1,canonical
S3_PICALM_ANTH,394,0.1072,43,0.112,0.2533,676.2,52.24,49.56,56.76,Tier2,3.3,canonical
S3_PICALM_ANTH,249,0.1022,41,0.0557,0.0344,335.2,58.26,48.66,36.28,Tier2,3.9,canonical
S3_PICALM_ANTH,535,0.1022,41,0.0442,0.0334,312.3,43.49,57.12,53.99,Tier2,2.9,canonical
S3_PICALM_ANTH,30,0.0998,40,0.0086,0.025,361.1,42.4,32.38,51.36,Tier2,3.6,canonical
S3_PICALM_ANTH,377,0.0998,40,0.0068,0.0402,421.0,58.28,42.1,53.53,Tier2,2.9,canonical
S3_PICALM_ANTH,243,0.0973,39,0.0329,0.0414,329.7,57.29,53.91,41.83,Tier2,4.8,canonical
S3_PICALM_ANTH,254,0.0948,38,0.0288,0.0504,329.1,54.69,47.68,31.91,Tier2,3.7,canonical
S3_PICALM_ANTH,375,0.0948,38,0.0778,0.1671,451.4,58.35,46.02,53.96,Tier2,2.4,canonical
S3_PICALM_ANTH,372,0.0948,38,0.0139,0.0569,423.7,54.44,45.68,58.55,Tier2,4.0,canonical
S3_PICALM_ANTH,102,0.0948,38,0.0271,0.0267,327.2,46.28,46.3,34.5,Tier2,2.9,canonical
S3_PICALM_ANTH,156,0.0923,37,0.0899,0.0348,368.9,44.81,53.99,34.89,Tier2,3.5,canonical
S3_PICALM_ANTH,241,0.0898,36,0.0949,0.2501,481.2,59.97,59.03,44.72,Tier2,5.2,canonical
S3_PICALM_ANTH,174,0.0898,36,0.0612,0.0621,383.2,49.94,33.79,47.33,Tier2,3.2,canonical
S3_PICALM_ANTH,160,0.0898,36,0.0655,0.0067,273.3,53.51,51.91,36.5,Tier2,4.5,canonical
S3_PICALM_ANTH,382,0.0873,35,0.2197,0.2865,448.3,51.71,47.07,51.46,Tier2,4.3,canonical
S3_PICALM_ANTH,393,0.0873,35,0.0301,0.152,343.5,50.97,53.62,61.97,Tier2,3.5,canonical
S3_PICALM_ANTH,357,0.0873,35,0.0229,0.0841,368.2,50.12,58.3,52.65,Tier2,2.8,canonical
S3_PICALM_ANTH,363,0.0848,34,0.113,0.2235,495.4,57.12,62.36,51.93,Tier2,4.7,canonical
S3_PICALM_ANTH,383,0.0848,34,0.2489,0.1968,362.5,48.81,48.72,50.54,Tier2,4.6,canonical
S3_PICALM_ANTH,270,0.0848,34,0.0486,0.0572,403.7,59.05,45.94,32.98,Tier2,4.0,canonical
S3_PICALM_ANTH,192,0.0823,33,0.0091,0.0486,377.2,56.47,40.26,49.86,Tier2,4.2,canonical
S3_PICALM_ANTH,597,0.0823,33,0.0526,0.0059,295.5,60.09,58.25,34.34,Tier2,3.8,canonical
S3_PICALM_ANTH,550,0.0823,33,0.1395,0.1894,473.0,49.95,44.75,54.64,Tier2,3.7,canonical
S3_PICALM_ANTH,392,0.0823,33,0.0547,0.1123,330.1,50.4,50.92,61.58,Tier2,2.4,canonical
S3_PICALM_ANTH,165,0.0798,32,-0.0149,0.0112,303.6,41.08,48.15,32.43,Tier2,1.5,canonical
S3_PICALM_ANTH,589,0.0798,32,-0.0022,0.0197,333.6,51.9,57.6,39.18,Tier2,4.0,canonical
S3_PICALM_ANTH,552,0.0798,32,0.1373,0.1895,523.4,47.74,42.37,55.8,Tier2,3.0,canonical
S3_PICALM_ANTH,183,0.0798,32,0.0548,0.1213,402.2,61.64,47.55,48.46,Tier2,3.7,canonical
S3_PICALM_ANTH,208,0.0798,32,0.1415,0.1285,388.3,53.4,40.55,41.17,Tier2,4.9,canonical
S3_PICALM_ANTH,201,0.0798,32,0.0483,0.0381,416.5,50.01,35.85,41.61,Tier2,4.1,canonical
S3_PICALM_ANTH,374,0.0773,31,0.0028,0.0295,361.3,53.43,38.68,59.1,Tier2,3.6,canonical
S3_PICALM_ANTH,388,0.0773,31,0.0398,0.1265,385.3,45.59,58.64,57.31,Tier2,2.4,canonical
S3_PICALM_ANTH,211,0.0773,31,0.0401,0.1062,391.7,55.23,42.84,36.35,Tier2,3.6,canonical
S3_PICALM_ANTH,563,0.0723,29,0.0631,0.0344,352.8,37.78,46.77,57.02,Tier2,3.4,canonical
S3_PICALM_ANTH,198,0.0723,29,0.1099,0.0916,459.3,54.74,35.44,46.61,Tier2,2.0,canonical
S3_PICALM_ANTH,210,0.0723,29,0.0875,0.0811,335.9,58.36,41.74,36.81,Tier2,4.4,canonical
S3_PICALM_ANTH,352,0.0723,29,0.0434,0.1491,394.8,47.79,61.21,51.26,Tier2,4.9,canonical
S3_PICALM_ANTH,586,0.0723,29,0.0703,0.1638,421.7,58.04,64.66,43.33,Tier2,5.4,canonical
S3_PICALM_ANTH,347,0.0723,29,0.0307,0.0968,372.3,63.26,53.72,57.86,Tier2,2.8,canonical
S3_PICALM_ANTH,345,0.0723,29,0.0842,0.166,364.8,58.79,51.78,60.4,Tier2,3.1,canonical
S3_PICALM_ANTH,395,0.0723,29,0.0365,0.2039,463.1,54.2,57.1,59.91,Tier2,3.4,canonical
S3_PICALM_ANTH,182,0.0723,29,0.0347,0.0999,440.8,51.43,36.51,52.06,Tier2,4.7,canonical
S3_PICALM_ANTH,396,0.0723,29,0.084,0.0911,352.7,50.74,54.7,56.71,Tier2,4.0,canonical
S3_PICALM_ANTH,242,0.0723,29,0.0208,0.1209,398.5,58.26,51.82,46.22,Tier2,3.6,canonical
S3_PICALM_ANTH,534,0.0723,29,0.0859,0.1611,456.6,36.72,59.82,55.16,Tier2,4.8,canonical
S3_PICALM_ANTH,379,0.0698,28,0.12,0.1697,455.8,53.18,44.46,53.28,Tier2,4.5,canonical
S3_PICALM_ANTH,342,0.0698,28,0.091,0.2394,528.9,62.27,59.48,51.85,Tier2,3.7,canonical
S3_PICALM_ANTH,251,0.0698,28,0.1259,0.2105,394.3,54.97,47.66,39.7,Tier2,2.4,canonical
S3_PICALM_ANTH,155,0.0698,28,0.1478,0.1458,327.0,51.49,50.14,40.88,Tier2,4.7,canonical
S3_PICALM_ANTH,247,0.0698,28,0.0407,0.0581,332.0,62.29,45.77,44.18,Tier2,4.3,canonical
S3_PICALM_ANTH,567,0.0698,28,0.1088,0.0975,316.2,41.17,43.16,52.04,Tier2,2.3,canonical
S3_PICALM_ANTH,248,0.0698,28,0.0227,0.007,341.1,60.19,46.6,41.49,Tier2,5.0,canonical
S3_PICALM_ANTH,356,0.0673,27,0.0869,0.1238,322.9,48.95,55.28,52.66,Tier2,0.7,canonical
S3_PICALM_ANTH,65,0.0673,27,0.0153,0.0078,333.0,37.45,36.65,41.67,Tier2,2.7,canonical
S3_PICALM_ANTH,273,0.0673,27,0.0382,0.0493,362.1,66.97,43.04,38.18,Tier2,7.0,canonical
S3_PICALM_ANTH,434,0.0673,27,0.0243,0.0585,336.4,63.68,50.0,52.76,Tier2,3.3,canonical
S3_PICALM_ANTH,473,0.0673,27,-0.0008,0.0051,271.2,65.41,64.13,59.47,Tier2,12.3,CRYPTIC
S3_PICALM_ANTH,157,0.0673,27,0.0987,0.05,377.1,45.99,56.69,38.67,Tier2,3.1,canonical
S3_PICALM_ANTH,349,0.0673,27,0.0951,0.1533,425.9,55.97,50.49,52.23,Tier2,3.5,canonical
S3_PICALM_ANTH,110,0.0673,27,0.059,0.0664,249.8,36.27,45.97,41.82,Tier2,3.7,canonical
S3_PICALM_ANTH,197,0.0673,27,0.002,0.0308,278.0,58.96,34.09,38.52,Tier2,5.4,canonical
S3_PICALM_ANTH,561,0.0648,26,0.102,0.0624,331.5,40.37,48.65,51.94,Tier2,2.7,canonical
S3_PICALM_ANTH,255,0.0648,26,0.0265,0.0027,381.5,58.45,52.48,32.25,Tier2,4.9,canonical
S3_PICALM_ANTH,240,0.0648,26,0.0571,0.2184,506.1,60.64,56.53,48.98,Tier2,2.7,canonical
S3_PICALM_ANTH,97,0.0648,26,0.0186,0.0036,326.5,52.68,42.12,29.42,Tier2,4.6,canonical
S3_PICALM_ANTH,295,0.0648,26,0.036,0.0907,349.2,57.29,32.09,45.44,Tier2,3.3,canonical
S3_PICALM_ANTH,386,0.0648,26,0.057,0.2304,403.7,46.1,55.76,62.38,Tier2,5.1,canonical
S3_PICALM_ANTH,161,0.0648,26,0.0172,0.0335,347.9,48.83,49.61,35.81,Tier2,3.2,canonical
S3_PICALM_ANTH,556,0.0648,26,0.0622,0.0423,318.8,46.43,45.03,61.07,Tier2,4.9,canonical
S3_PICALM_ANTH,199,0.0648,26,0.124,0.1589,284.3,51.76,38.37,44.88,Tier2,3.3,canonical
S3_PICALM_ANTH,367,0.0648,26,-0.0423,0.0645,350.1,49.53,45.92,65.45,Tier2,4.8,canonical
S3_PICALM_ANTH,568,0.0623,25,0.204,0.1054,305.7,44.78,44.47,50.95,Tier2,4.1,canonical
S3_PICALM_ANTH,364,0.0623,25,0.1096,0.3246,448.4,57.42,61.67,47.6,Tier2,1.7,canonical
S3_PICALM_ANTH,390,0.0623,25,0.0736,0.055,235.9,46.36,53.1,54.14,Tier2,3.7,canonical
S3_PICALM_ANTH,99,0.0623,25,0.0422,0.0828,403.2,50.02,44.17,36.6,Tier2,4.0,canonical
S3_PICALM_ANTH,91,0.0623,25,0.0503,0.0921,378.1,53.99,33.74,35.13,Tier2,4.1,canonical
S3_PICALM_ANTH,373,0.0623,25,0.0138,0.0746,381.4,51.46,41.42,59.23,Tier2,3.2,canonical
S3_PICALM_ANTH,179,0.0623,25,0.1156,0.1947,381.8,46.42,35.63,49.66,Tier2,2.9,canonical
S3_PICALM_ANTH,32,0.0623,25,0.1538,0.2026,456.4,43.09,37.78,50.92,Tier2,3.8,canonical
S3_PICALM_ANTH,569,0.0623,25,0.1078,0.0388,301.5,40.51,44.0,43.58,Tier2,2.2,canonical
S3_PICALM_ANTH,322,0.0623,25,0.0306,0.0268,338.4,67.36,46.58,49.3,Tier2,3.3,canonical
S3_PICALM_ANTH,204,0.0623,25,0.133,0.1256,313.0,47.2,39.74,43.09,Tier2,2.4,canonical
S3_PICALM_ANTH,587,0.0623,25,0.0665,0.1265,388.8,52.52,62.92,42.42,Tier2,2.3,canonical
S3_PICALM_ANTH,193,0.0599,24,0.0117,0.06,380.2,61.33,41.78,48.4,Tier2,4.0,canonical
S3_PICALM_ANTH,527,0.0599,24,0.0527,0.0116,320.6,35.05,56.93,46.98,Tier2,5.2,canonical
S3_PICALM_ANTH,194,0.0599,24,0.0531,0.0812,421.1,57.91,40.31,45.31,Tier2,3.4,canonical
S3_PICALM_ANTH,200,0.0599,24,-0.0013,0.0548,407.6,52.34,32.42,41.69,Tier2,5.6,canonical
S3_PICALM_ANTH,525,0.0599,24,0.0694,0.0119,310.2,33.5,52.94,52.55,Tier2,0.9,canonical
S3_PICALM_ANTH,109,0.0599,24,0.0304,0.0139,351.5,39.64,41.73,39.07,Tier2,3.8,canonical
S3_PICALM_ANTH,207,0.0599,24,0.0378,0.1081,582.7,53.55,37.48,38.16,Tier2,2.2,canonical
S3_PICALM_ANTH,112,0.0599,24,0.0415,0.0255,308.7,36.92,50.54,35.87,Tier2,4.6,canonical
S3_PICALM_ANTH,85,0.0599,24,0.0585,0.0769,357.8,46.63,36.61,38.42,Tier2,5.1,canonical
S3_PICALM_ANTH,369,0.0599,24,-0.02,0.0893,365.8,55.15,42.13,64.72,Tier2,5.2,canonical
S3_PICALM_ANTH,344,0.0599,24,0.0873,0.2516,492.9,58.66,58.48,53.92,Tier2,3.1,canonical
S3_PICALM_ANTH,419,0.0599,24,0.0466,0.0862,355.9,48.86,37.3,60.82,Tier2,3.7,canonical
S3_PICALM_ANTH,495,0.0599,24,0.0916,0.166,433.6,39.04,53.64,59.99,Tier2,3.1,canonical
S3_PICALM_ANTH,84,0.0599,24,0.043,0.0819,372.6,45.38,37.48,36.29,Tier2,3.2,canonical
S3_PICALM_ANTH,359,0.0599,24,0.0178,0.0348,294.8,54.67,59.67,43.37,Tier2,4.8,canonical
S3_PICALM_ANTH,384,0.0599,24,-0.0048,0.0294,328.9,43.07,50.58,64.78,Tier2,5.2,canonical
S3_PICALM_ANTH,585,0.0599,24,0.0352,0.0627,378.1,62.62,58.01,39.47,Tier2,2.4,canonical
S3_PICALM_ANTH,173,0.0574,23,0.0114,0.0399,272.5,52.35,31.37,49.87,Tier2,4.5,canonical
S3_PICALM_ANTH,320,0.0574,23,0.0356,0.0946,317.6,68.07,45.98,44.24,Tier2,6.3,canonical
S3_PICALM_ANTH,368,0.0574,23,0.0077,0.1715,458.0,48.6,41.23,64.0,Tier2,3.8,canonical
S3_PICALM_ANTH,598,0.0574,23,0.0237,0.0689,375.0,58.45,58.43,39.93,Tier2,2.9,canonical
S3_PICALM_ANTH,358,0.0574,23,0.0887,0.1063,354.7,48.94,57.1,48.64,Tier2,4.7,canonical
S3_PICALM_ANTH,599,0.0574,23,0.0214,0.0189,353.3,55.5,55.15,36.86,Tier2,3.3,canonical
S3_PICALM_ANTH,38,0.0574,23,0.0672,0.0169,380.2,34.33,36.33,57.48,Tier2,4.1,canonical
S3_PICALM_ANTH,548,0.0549,22,0.0047,0.007,294.7,40.23,41.17,57.5,Tier2,3.1,canonical
S3_PICALM_ANTH,153,0.0549,22,0.0031,0.0124,295.8,45.83,49.68,39.55,Tier2,5.0,canonical
S3_PICALM_ANTH,151,0.0549,22,0.1185,0.0328,268.1,45.5,46.43,38.38,Tier2,4.0,canonical
S3_PICALM_ANTH,540,0.0549,22,0.0125,0.008,264.8,45.44,53.59,48.26,Tier2,1.3,canonical
S3_PICALM_ANTH,366,0.0549,22,0.0692,0.2085,518.4,51.63,65.47,51.06,Tier2,2.1,canonical
S3_PICALM_ANTH,113,0.0549,22,0.0359,0.0548,356.7,33.41,47.9,38.64,Tier2,3.7,canonical
S3_PICALM_ANTH,549,0.0549,22,0.0439,0.0873,369.0,43.86,38.5,55.64,Tier2,3.7,canonical
S3_PICALM_ANTH,371,0.0549,22,-0.0114,0.0462,312.6,55.03,48.96,62.6,Tier2,4.8,canonical
S3_PICALM_ANTH,532,0.0549,22,0.0214,0.0019,257.1,30.37,50.7,50.09,Tier2,5.1,canonical
S3_PICALM_ANTH,66,0.0549,22,0.0712,0.0938,433.5,38.92,35.05,44.95,Tier2,3.3,canonical
S3_PICALM_ANTH,67,0.0549,22,0.0116,0.0541,385.1,42.25,29.79,38.17,Tier2,3.5,canonical
S3_PICALM_ANTH,376,0.0549,22,0.0515,0.1907,342.0,60.11,42.23,58.15,Tier2,3.8,canonical
S3_PICALM_ANTH,169,0.0549,22,0.004,0.0059,438.9,45.49,32.04,42.08,Tier2,2.2,canonical
S3_PICALM_ANTH,360,0.0549,22,0.0805,0.1205,428.5,50.98,57.32,44.54,Tier2,3.3,canonical
S3_PICALM_ANTH,190,0.0549,22,0.0013,0.0375,424.3,61.65,38.63,46.12,Tier2,5.7,canonical
S3_PICALM_ANTH,188,0.0549,22,-0.014,0.061,358.1,64.84,39.92,50.52,Tier2,1.1,canonical
S3_PICALM_ANTH,246,0.0549,22,0.0378,0.009,334.3,65.05,48.06,39.92,Tier2,4.4,canonical
S3_PICALM_ANTH,150,0.0524,21,0.0384,0.0526,276.7,42.05,50.64,38.17,Tier2,2.2,canonical
S3_PICALM_ANTH,564,0.0524,21,0.1184,0.1842,328.1,36.03,39.78,48.03,Tier2,3.1,canonical
S3_PICALM_ANTH,304,0.0524,21,-0.0032,0.0309,284.4,73.86,54.72,58.56,Tier2,5.7,canonical
S3_PICALM_ANTH,354,0.0524,21,0.0968,0.069,335.1,47.3,64.99,55.43,Tier2,4.6,canonical
S3_PICALM_ANTH,565,0.0524,21,0.0579,0.0083,308.3,36.44,43.81,47.59,Tier2,4.1,canonical
S3_PICALM_ANTH,203,0.0524,21,0.1079,0.1098,294.3,45.91,41.93,39.5,Tier2,5.2,canonical
S3_PICALM_ANTH,560,0.0524,21,0.06,0.0569,322.2,35.87,46.72,50.23,Tier2,2.2,canonical
S3_PICALM_ANTH,111,0.0524,21,0.0987,0.0714,360.0,36.89,49.35,42.3,Tier2,3.9,canonical
S3_PICALM_ANTH,263,0.0524,21,0.0006,0.0248,360.0,67.27,51.95,32.63,Tier2,7.2,canonical
S3_PICALM_ANTH,257,0.0524,21,0.0122,0.006,359.0,54.64,54.3,31.64,Tier2,5.7,canonical
S3_PICALM_ANTH,92,0.0524,21,0.0501,0.0471,317.2,52.66,30.74,36.55,Tier2,3.9,canonical
S3_PICALM_ANTH,37,0.0524,21,0.0093,0.0143,299.7,37.24,37.43,53.49,Tier2,1.1,canonical
S3_PICALM_ANTH,180,0.0499,20,0.0047,0.04,301.8,51.6,39.55,50.87,Noise,1.8,canonical
S3_PICALM_ANTH,181,0.0499,20,0.1104,0.1137,392.2,50.03,39.53,53.44,Noise,2.7,canonical
S3_PICALM_ANTH,29,0.0499,20,0.0105,0.0594,395.5,45.21,32.18,55.62,Noise,3.7,canonical
S3_PICALM_ANTH,635,0.0499,20,0.006,0.015,356.8,48.16,70.17,33.82,Noise,10.8,CRYPTIC
S3_PICALM_ANTH,435,0.0499,20,0.0084,0.0771,340.7,63.62,44.22,57.67,Noise,4.8,canonical
S3_PICALM_ANTH,184,0.0499,20,0.0408,0.0139,352.8,58.16,44.77,48.59,Noise,2.6,canonical
S3_PICALM_ANTH,417,0.0499,20,0.0426,0.0549,316.1,45.14,34.52,59.61,Noise,3.5,canonical
S3_PICALM_ANTH,44,0.0499,20,0.0558,0.01,320.8,34.91,30.63,46.52,Noise,7.5,canonical
S3_PICALM_ANTH,551,0.0499,20,0.0414,0.0084,270.7,46.81,40.93,59.4,Noise,3.8,canonical
S3_PICALM_ANTH,433,0.0499,20,-0.0082,0.062,345.0,67.67,49.93,55.01,Noise,4.4,canonical
S3_PICALM_ANTH,325,0.0499,20,0.0068,0.1371,442.5,62.66,52.7,43.47,Noise,2.5,canonical
S3_PICALM_ANTH,557,0.0499,20,0.0928,0.0639,337.5,36.89,51.87,51.94,Noise,3.7,canonical
S3_PICALM_ANTH,449,0.0499,20,-0.0132,0.0013,305.1,70.05,54.23,63.75,Noise,9.3,canonical
S3_PICALM_ANTH,186,0.0499,20,-0.0401,0.0116,330.8,65.97,40.9,46.31,Noise,4.9,canonical
S3_PICALM_ANTH,493,0.0499,20,0.0601,0.209,489.1,39.45,56.18,63.01,Noise,4.7,canonical
S3_PICALM_ANTH,461,0.0499,20,-0.0173,0.0066,315.4,60.16,63.69,64.01,Noise,10.8,CRYPTIC
S3_PICALM_ANTH,272,0.0499,20,0.0376,0.0217,372.6,61.69,41.99,40.2,Noise,2.4,canonical
S3_PICALM_ANTH,519,0.0474,19,0.0318,0.018,275.0,32.0,42.56,57.77,Noise,6.0,canonical
S3_PICALM_ANTH,232,0.0474,19,0.0781,0.0834,440.2,48.74,29.05,51.03,Noise,4.9,canonical
S3_PICALM_ANTH,209,0.0474,19,0.0526,0.1065,480.7,57.17,43.81,40.51,Noise,4.0,canonical
S3_PICALM_ANTH,296,0.0474,19,0.0212,0.1457,348.7,57.05,31.35,42.27,Noise,4.0,canonical
S3_PICALM_ANTH,300,0.0474,19,-0.0026,0.0078,311.3,71.03,62.71,56.42,Noise,12.5,CRYPTIC
S3_PICALM_ANTH,346,0.0474,19,0.0473,0.1342,411.9,60.89,56.31,58.06,Noise,5.3,canonical
S3_PICALM_ANTH,415,0.0474,19,-0.0163,0.0167,320.2,43.93,39.05,62.0,Noise,4.9,canonical
S3_PICALM_ANTH,545,0.0474,19,0.0154,0.0026,299.1,40.84,42.65,65.11,Noise,0.9,canonical
S3_PICALM_ANTH,54,0.0474,19,0.0918,0.0122,310.0,31.46,36.7,41.8,Noise,6.4,canonical
S3_PICALM_ANTH,639,0.0474,19,0.0342,0.0068,245.2,25.96,60.5,37.36,Noise,10.7,CRYPTIC
S3_PICALM_ANTH,115,0.0474,19,0.0513,0.0234,288.7,31.32,40.11,37.22,Noise,6.8,canonical
S3_PICALM_ANTH,615,0.0474,19,0.0901,0.0573,318.2,47.39,61.29,45.68,Noise,3.9,canonical
S3_PICALM_ANTH,588,0.0474,19,0.0223,0.0445,448.7,49.46,64.77,36.43,Noise,6.4,canonical
S3_PICALM_ANTH,98,0.0474,19,0.0479,0.0228,342.2,51.51,43.92,33.29,Noise,2.7,canonical
S3_PICALM_ANTH,537,0.0474,19,0.0189,0.0033,330.3,40.38,55.71,50.77,Noise,2.4,canonical
S3_PICALM_ANTH,152,0.0449,18,0.0313,0.0007,325.4,46.76,52.12,42.8,Noise,5.3,canonical
S3_PICALM_ANTH,447,0.0449,18,-0.0323,0.0043,327.8,63.04,55.45,64.34,Noise,7.2,canonical
S3_PICALM_ANTH,465,0.0449,18,0.0008,0.0014,272.3,56.16,64.85,59.92,Noise,7.4,canonical
S3_PICALM_ANTH,260,0.0449,18,0.0408,0.0181,347.8,61.92,54.23,31.55,Noise,4.9,canonical
S3_PICALM_ANTH,86,0.0449,18,0.0147,0.0284,297.3,42.74,34.06,30.22,Noise,7.2,canonical
S3_PICALM_ANTH,361,0.0449,18,0.0311,0.1056,411.8,52.33,61.64,47.65,Noise,3.4,canonical
S3_PICALM_ANTH,177,0.0449,18,0.0513,0.0241,303.9,56.25,32.03,53.71,Noise,6.0,canonical
S3_PICALM_ANTH,362,0.0449,18,0.0818,0.1548,424.2,55.73,58.16,47.95,Noise,3.9,canonical
S3_PICALM_ANTH,324,0.0449,18,0.0487,0.1179,467.0,63.05,52.27,47.85,Noise,3.2,canonical
S3_PICALM_ANTH,370,0.0449,18,-0.0146,0.0518,341.3,57.57,45.83,64.65,Noise,3.5,canonical
S3_PICALM_ANTH,442,0.0449,18,0.0215,0.0536,326.7,69.16,45.51,59.77,Noise,6.9,canonical
S3_PICALM_ANTH,566,0.0424,17,0.0401,0.0068,235.6,37.77,41.57,52.32,Noise,3.4,canonical
S3_PICALM_ANTH,559,0.0424,17,0.0127,0.0026,306.5,39.24,53.03,56.23,Noise,4.2,canonical
S3_PICALM_ANTH,119,0.0424,17,0.0032,0.0119,337.5,34.98,43.94,31.77,Noise,6.7,canonical
S3_PICALM_ANTH,582,0.0424,17,0.0238,0.0018,284.9,63.38,64.59,41.8,Noise,8.0,canonical
S3_PICALM_ANTH,116,0.0424,17,0.0196,0.0055,246.8,27.94,42.18,44.19,Noise,6.5,canonical
S3_PICALM_ANTH,310,0.0424,17,-0.0314,0.0061,377.4,76.83,53.89,46.93,Noise,5.1,canonical
S3_PICALM_ANTH,533,0.0424,17,0.0538,0.0504,347.6,41.13,62.18,53.26,Noise,2.7,canonical
S3_PICALM_ANTH,323,0.0424,17,0.0096,0.1231,361.2,68.91,51.28,43.18,Noise,5.3,canonical
S3_PICALM_ANTH,464,0.0424,17,0.0481,0.0242,332.4,57.44,60.67,58.59,Noise,5.1,canonical
S3_PICALM_ANTH,538,0.0424,17,0.1267,0.1024,262.0,43.98,49.57,46.88,Noise,5.2,canonical
S3_PICALM_ANTH,176,0.0424,17,0.0636,0.1308,372.1,55.99,35.91,56.7,Noise,4.0,canonical
S3_PICALM_ANTH,389,0.0424,17,0.0339,0.0858,419.2,44.01,52.16,58.85,Noise,2.8,canonical
S3_PICALM_ANTH,446,0.0424,17,0.0104,0.0047,271.1,63.62,59.33,63.01,Noise,9.3,canonical
S3_PICALM_ANTH,348,0.0424,17,0.0438,0.1067,594.0,58.9,51.08,55.06,Noise,3.7,canonical
S3_PICALM_ANTH,541,0.0424,17,0.0356,0.0451,365.3,41.02,58.74,44.61,Noise,2.1,canonical
S3_PICALM_ANTH,175,0.0424,17,0.0334,0.0044,259.1,58.39,33.15,50.07,Noise,6.2,canonical
S3_PICALM_ANTH,108,0.0399,16,0.0805,0.0419,285.0,39.13,45.66,36.75,Noise,1.9,canonical
S3_PICALM_ANTH,623,0.0399,16,-0.0067,0.0041,245.7,53.19,71.88,40.47,Noise,6.9,canonical
S3_PICALM_ANTH,617,0.0399,16,0.1362,0.0976,335.8,43.18,61.46,48.23,Noise,0.9,canonical
S3_PICALM_ANTH,104,0.0399,16,0.0224,0.0645,291.5,44.49,42.66,28.84,Noise,6.1,canonical
S3_PICALM_ANTH,614,0.0399,16,0.0817,0.1233,399.3,48.26,66.58,43.92,Noise,4.7,canonical
S3_PICALM_ANTH,34,0.0399,16,0.0676,0.0519,488.7,41.24,33.29,47.31,Noise,3.7,canonical
S3_PICALM_ANTH,528,0.0399,16,0.0106,0.0018,279.4,35.33,51.37,45.8,Noise,4.3,canonical
S3_PICALM_ANTH,87,0.0399,16,-0.015,0.0062,287.0,49.81,37.02,29.79,Noise,6.2,canonical
S3_PICALM_ANTH,450,0.0399,16,0.0073,0.0602,328.0,56.8,47.09,71.87,Noise,10.6,CRYPTIC
S3_PICALM_ANTH,83,0.0399,16,0.0192,0.0986,400.3,48.58,33.43,37.42,Noise,1.4,canonical
S3_PICALM_ANTH,351,0.0399,16,0.0865,0.1223,354.4,61.29,54.69,53.21,Noise,4.6,canonical
S3_PICALM_ANTH,479,0.0399,16,-0.0268,0.037,333.7,42.79,59.79,64.73,Noise,6.0,canonical
S3_PICALM_ANTH,466,0.0399,16,0.0078,0.0515,331.0,50.97,65.35,58.7,Noise,7.0,canonical
S3_PICALM_ANTH,290,0.0399,16,0.0039,0.0029,230.1,65.82,37.27,38.82,Noise,7.3,canonical
S3_PICALM_ANTH,458,0.0399,16,0.0113,0.0812,333.2,57.59,56.34,63.45,Noise,3.5,canonical
S3_PICALM_ANTH,330,0.0399,16,-0.0104,0.0588,280.9,72.61,54.84,38.35,Noise,10.1,CRYPTIC
S3_PICALM_ANTH,221,0.0399,16,-0.0089,0.0228,329.1,63.78,38.53,54.92,Noise,4.6,canonical
S3_PICALM_ANTH,164,0.0399,16,0.0804,0.0224,351.0,43.91,55.34,31.86,Noise,6.0,canonical
S3_PICALM_ANTH,546,0.0399,16,0.0206,0.0563,316.5,38.17,44.17,62.4,Noise,3.3,canonical
S3_PICALM_ANTH,154,0.0399,16,0.0182,0.0059,344.6,50.19,53.91,40.09,Noise,2.4,canonical
S3_PICALM_ANTH,196,0.0399,16,0.0551,0.0819,396.9,57.95,36.89,35.6,Noise,3.1,canonical
S3_PICALM_ANTH,202,0.0399,16,0.1141,0.0958,226.6,50.86,43.76,42.8,Noise,3.9,canonical
S3_PICALM_ANTH,492,0.0374,15,0.0597,0.0025,237.7,33.35,44.54,64.41,Noise,7.2,canonical
S3_PICALM_ANTH,17,0.0374,15,0.0022,0.0339,331.3,25.07,44.02,49.68,Noise,9.0,canonical
S3_PICALM_ANTH,327,0.0374,15,0.0254,0.0019,267.0,72.97,50.26,38.68,Noise,8.2,canonical
S3_PICALM_ANTH,284,0.0374,15,-0.0296,0.0059,256.8,73.19,40.37,46.04,Noise,9.2,canonical
S3_PICALM_ANTH,205,0.0374,15,0.0035,0.0057,356.2,53.83,39.85,32.47,Noise,4.5,canonical
S3_PICALM_ANTH,570,0.0374,15,0.0295,0.0501,303.0,41.69,39.68,44.23,Noise,3.0,canonical
S3_PICALM_ANTH,159,0.0374,15,0.027,0.1072,497.1,50.03,52.36,32.68,Noise,1.2,canonical
S3_PICALM_ANTH,259,0.0374,15,-0.0027,0.0028,299.3,62.71,49.3,29.75,Noise,7.8,canonical
S3_PICALM_ANTH,26,0.0374,15,0.0415,0.0329,283.1,38.21,33.54,61.64,Noise,8.3,canonical
S3_PICALM_ANTH,562,0.0374,15,0.0806,0.0685,239.9,41.48,48.38,55.41,Noise,2.1,canonical
S3_PICALM_ANTH,262,0.0374,15,0.0296,0.0067,301.2,66.9,46.06,31.21,Noise,8.3,canonical
S3_PICALM_ANTH,170,0.0374,15,0.1207,0.0756,539.0,43.58,31.46,45.2,Noise,3.2,canonical
S3_PICALM_ANTH,64,0.0374,15,0.0857,0.1177,368.6,41.85,35.35,42.19,Noise,5.3,canonical
S3_PICALM_ANTH,554,0.0374,15,0.0307,0.0577,383.5,42.87,45.75,60.16,Noise,2.1,canonical
S3_PICALM_ANTH,136,0.0374,15,0.0101,0.0422,462.4,29.06,50.23,40.43,Noise,5.7,canonical
S3_PICALM_ANTH,158,0.0374,15,0.0936,0.075,413.7,49.83,55.59,34.78,Noise,3.9,canonical
S3_PICALM_ANTH,285,0.0374,15,0.0229,0.0242,292.7,61.11,33.0,34.1,Noise,7.9,canonical
S3_PICALM_ANTH,15,0.0374,15,0.006,0.0022,236.2,30.03,41.3,49.06,Noise,6.0,canonical
S3_PICALM_ANTH,381,0.0374,15,0.1508,0.2157,373.4,51.99,49.71,47.09,Noise,2.8,canonical
S3_PICALM_ANTH,646,0.0374,15,0.0673,0.0611,315.2,37.37,68.45,44.31,Noise,8.3,canonical
S3_PICALM_ANTH,162,0.0374,15,0.0579,0.0381,335.1,46.63,59.75,33.1,Noise,7.6,canonical
S3_PICALM_ANTH,114,0.0374,15,0.0335,0.0052,287.6,34.57,39.25,38.65,Noise,3.1,canonical
S3_PICALM_ANTH,416,0.0374,15,0.0101,0.0051,391.7,44.82,36.48,65.48,Noise,7.6,canonical
S3_PICALM_ANTH,60,0.0374,15,0.0501,0.0051,301.1,35.44,30.54,36.04,Noise,7.4,canonical
S3_PICALM_ANTH,312,0.0374,15,0.0018,0.0048,289.2,76.61,50.22,50.35,Noise,4.3,canonical
S3_PICALM_ANTH,107,0.0374,15,-0.0149,0.0026,374.0,39.81,40.64,32.57,Noise,5.0,canonical
S3_PICALM_ANTH,431,0.0374,15,-0.0095,0.1247,357.8,66.21,49.77,59.68,Noise,5.1,canonical
S3_PICALM_ANTH,641,0.0374,15,0.0247,0.0325,309.2,37.94,55.42,40.65,Noise,3.0,canonical
S3_PICALM_ANTH,307,0.0374,15,0.0499,0.0487,287.0,72.68,53.23,53.62,Noise,3.7,canonical
S3_PICALM_ANTH,306,0.0374,15,-0.0295,0.0014,306.4,76.09,48.84,58.27,Noise,5.1,canonical
S3_PICALM_ANTH,39,0.0374,15,0.0033,0.0217,310.2,31.68,38.21,53.68,Noise,5.2,canonical
S3_PICALM_ANTH,498,0.0374,15,0.0233,0.0397,306.0,34.56,55.58,56.45,Noise,2.6,canonical
S3_PICALM_ANTH,391,0.0374,15,0.0115,0.0421,372.3,52.54,53.27,65.28,Noise,4.4,canonical
S3_PICALM_ANTH,380,0.0349,14,0.1205,0.2428,709.8,55.71,48.26,48.75,Noise,3.9,canonical
S3_PICALM_ANTH,496,0.0349,14,0.0552,0.0128,335.5,31.87,52.63,61.63,Noise,6.7,canonical
S3_PICALM_ANTH,543,0.0349,14,0.0954,0.008,356.3,42.38,56.41,40.32,Noise,1.8,canonical
S3_PICALM_ANTH,178,0.0349,14,0.0351,0.0386,421.8,47.78,34.73,54.06,Noise,3.6,canonical
S3_PICALM_ANTH,36,0.0349,14,0.09,0.0072,363.8,33.95,33.85,50.94,Noise,5.9,canonical
S3_PICALM_ANTH,35,0.0349,14,0.0414,0.0169,361.2,34.37,35.78,45.96,Noise,5.0,canonical
S3_PICALM_ANTH,69,0.0349,14,-0.0236,0.0036,337.9,39.76,34.27,34.69,Noise,3.7,canonical
S3_PICALM_ANTH,365,0.0349,14,0.0051,0.0592,325.5,55.66,66.23,53.29,Noise,5.9,canonical
S3_PICALM_ANTH,100,0.0349,14,0.0156,0.0007,290.9,48.99,46.38,31.22,Noise,2.4,canonical
S3_PICALM_ANTH,353,0.0349,14,0.0846,0.1941,403.6,45.25,64.71,51.67,Noise,3.0,canonical
S3_PICALM_ANTH,274,0.0349,14,-0.0151,0.0009,297.1,63.69,42.52,33.31,Noise,5.4,canonical
S3_PICALM_ANTH,531,0.0349,14,-0.0062,0.0016,338.8,32.22,47.63,44.93,Noise,3.7,canonical
S3_PICALM_ANTH,172,0.0349,14,0.0679,0.0189,308.5,53.06,30.42,44.55,Noise,4.8,canonical
S3_PICALM_ANTH,244,0.0349,14,0.0156,0.0185,334.2,62.61,50.65,36.56,Noise,2.9,canonical
S3_PICALM_ANTH,547,0.0349,14,0.0428,0.0024,260.2,36.97,39.63,61.76,Noise,5.2,canonical
S3_PICALM_ANTH,16,0.0349,14,0.0609,0.0011,283.1,30.38,36.77,48.89,Noise,7.0,canonical
S3_PICALM_ANTH,414,0.0349,14,-0.0445,0.0021,331.9,54.47,41.28,69.76,Noise,9.0,canonical
S3_PICALM_ANTH,239,0.0349,14,0.0353,0.0308,310.0,52.38,26.34,61.93,Noise,8.9,canonical
S3_PICALM_ANTH,643,0.0349,14,0.0684,0.0543,372.1,31.38,56.34,37.14,Noise,6.6,canonical
S3_PICALM_ANTH,168,0.0349,14,0.1255,0.2138,446.2,45.49,35.45,45.04,Noise,2.8,canonical
S3_PICALM_ANTH,191,0.0349,14,0.0248,0.0675,328.6,57.26,36.28,52.04,Noise,2.4,canonical
S3_PICALM_ANTH,626,0.0349,14,-0.0227,0.171,490.7,49.69,72.48,45.32,Noise,7.4,canonical
S3_PICALM_ANTH,142,0.0349,14,0.0252,0.0045,288.3,46.13,51.2,29.06,Noise,6.1,canonical
S3_PICALM_ANTH,590,0.0349,14,0.1016,0.0559,394.7,55.86,60.25,36.46,Noise,3.2,canonical
S3_PICALM_ANTH,301,0.0324,13,0.0445,0.0134,313.2,70.91,58.8,54.29,Noise,8.7,canonical
S3_PICALM_ANTH,445,0.0324,13,-0.0131,0.0148,343.9,71.08,49.39,63.79,Noise,8.3,canonical
S3_PICALM_ANTH,606,0.0324,13,-0.0035,0.0067,424.5,44.12,73.95,47.54,Noise,10.7,CRYPTIC
S3_PICALM_ANTH,456,0.0324,13,0.0492,0.0661,375.7,56.98,51.61,67.11,Noise,5.5,canonical
S3_PICALM_ANTH,329,0.0324,13,-0.0135,0.0076,274.7,74.93,49.44,44.5,Noise,2.3,canonical
S3_PICALM_ANTH,452,0.0324,13,-0.0393,0.0034,337.7,61.39,49.01,65.93,Noise,6.7,canonical
S3_PICALM_ANTH,0,0.0324,13,0.0936,0.009,298.3,23.35,36.6,38.83,Noise,13.4,CRYPTIC
S3_PICALM_ANTH,19,0.0324,13,0.0584,0.0165,331.7,30.27,42.71,52.75,Noise,5.4,canonical
S3_PICALM_ANTH,483,0.0324,13,-0.0114,0.0011,267.1,48.9,62.75,65.06,Noise,6.4,canonical
S3_PICALM_ANTH,420,0.0324,13,-0.0215,0.0752,349.6,51.33,32.96,59.56,Noise,3.4,canonical
S3_PICALM_ANTH,517,0.0324,13,0.0325,0.0012,269.9,24.31,53.76,52.7,Noise,9.0,canonical
S3_PICALM_ANTH,231,0.0324,13,-0.0086,0.0158,319.3,45.67,26.94,49.28,Noise,6.3,canonical
S3_PICALM_ANTH,439,0.0324,13,0.0276,0.0315,259.5,71.51,38.76,52.33,Noise,7.7,canonical
S3_PICALM_ANTH,122,0.0324,13,0.0493,0.0023,301.4,27.64,38.39,34.45,Noise,11.1,CRYPTIC
S3_PICALM_ANTH,494,0.0324,13,0.0895,0.192,401.8,37.91,50.36,63.26,Noise,5.9,canonical
S3_PICALM_ANTH,555,0.0324,13,0.0595,0.0136,309.9,50.6,46.03,60.51,Noise,3.0,canonical
S3_PICALM_ANTH,318,0.0324,13,0.0302,0.0058,293.7,74.87,59.48,52.79,Noise,10.1,CRYPTIC
S3_PICALM_ANTH,317,0.0324,13,0.0101,0.0006,308.5,72.0,64.73,49.88,Noise,14.7,CRYPTIC
S3_PICALM_ANTH,267,0.0324,13,0.0021,0.0042,320.6,58.83,39.05,30.55,Noise,7.3,canonical
S3_PICALM_ANTH,171,0.0324,13,0.0632,0.0091,340.5,50.07,28.12,45.45,Noise,4.9,canonical
S3_PICALM_ANTH,271,0.0324,13,0.0064,0.0331,303.7,62.47,38.74,38.75,Noise,4.1,canonical
S3_PICALM_ANTH,583,0.0324,13,0.0514,0.0157,332.7,64.25,58.35,36.03,Noise,5.8,canonical
S3_PICALM_ANTH,640,0.0299,12,0.0556,0.0194,360.1,33.58,54.47,40.07,Noise,2.8,canonical
S3_PICALM_ANTH,648,0.0299,12,0.0903,0.0173,299.6,34.89,63.2,42.93,Noise,5.2,canonical
S3_PICALM_ANTH,33,0.0299,12,0.1366,0.1642,352.6,38.38,36.91,49.07,Noise,1.7,canonical
S3_PICALM_ANTH,56,0.0299,12,0.0519,0.0011,273.5,29.75,29.99,38.11,Noise,11.5,CRYPTIC
S3_PICALM_ANTH,430,0.0299,12,0.0064,0.0236,284.2,60.53,32.71,60.93,Noise,2.9,canonical
S3_PICALM_ANTH,443,0.0299,12,-0.0064,0.0079,404.9,66.65,52.24,65.71,Noise,9.9,canonical
S3_PICALM_ANTH,14,0.0299,12,0.0568,0.0008,298.3,21.33,46.15,45.33,Noise,11.9,CRYPTIC
S3_PICALM_ANTH,333,0.0299,12,0.0524,0.0641,363.5,60.97,65.63,48.2,Noise,6.4,canonical
S3_PICALM_ANTH,387,0.0299,12,0.0862,0.2302,426.1,48.59,59.15,59.88,Noise,3.6,canonical
S3_PICALM_ANTH,448,0.0299,12,0.0028,0.0018,329.1,68.21,57.84,60.12,Noise,9.5,canonical
S3_PICALM_ANTH,18,0.0299,12,-0.0157,0.0007,350.6,30.33,46.22,51.82,Noise,3.9,canonical
S3_PICALM_ANTH,602,0.0299,12,-0.0088,0.0053,302.9,53.76,71.78,56.38,Noise,9.4,canonical
S3_PICALM_ANTH,610,0.0299,12,0.0595,0.0693,302.5,44.26,68.0,38.73,Noise,8.0,canonical
S3_PICALM_ANTH,187,0.0299,12,-0.0228,0.0405,304.3,64.69,36.45,48.57,Noise,4.9,canonical
S3_PICALM_ANTH,536,0.0299,12,0.005,0.0075,406.1,43.37,57.29,48.14,Noise,3.2,canonical
S3_PICALM_ANTH,315,0.0299,12,0.0653,0.1679,439.9,66.33,57.18,45.91,Noise,5.5,canonical
S3_PICALM_ANTH,289,0.0299,12,0.0439,0.0512,333.0,65.5,33.88,41.22,Noise,8.0,canonical
S3_PICALM_ANTH,480,0.0299,12,0.063,0.1345,289.6,45.41,63.43,60.28,Noise,4.8,canonical
S3_PICALM_ANTH,124,0.0299,12,0.0222,0.0018,259.2,25.17,44.84,31.66,Noise,12.5,CRYPTIC
S3_PICALM_ANTH,269,0.0299,12,-0.0123,0.0067,278.2,62.34,37.12,33.21,Noise,8.0,canonical
S3_PICALM_ANTH,68,0.0299,12,0.0303,0.0009,296.2,35.94,34.7,37.26,Noise,4.6,canonical
S3_PICALM_ANTH,521,0.0299,12,-0.0059,0.0008,349.6,26.92,48.06,55.27,Noise,8.4,canonical
S3_PICALM_ANTH,457,0.0299,12,-0.0428,0.0108,294.1,59.81,55.97,67.18,Noise,6.7,canonical
S3_PICALM_ANTH,491,0.0299,12,0.066,0.0013,190.4,34.27,49.07,65.67,Noise,8.9,canonical
S3_PICALM_ANTH,283,0.0299,12,-0.0071,0.0318,321.2,73.68,43.74,42.41,Noise,7.2,canonical
S3_PICALM_ANTH,63,0.0299,12,0.0098,0.0881,372.9,38.6,32.2,40.41,Noise,4.8,canonical
S3_PICALM_ANTH,297,0.0299,12,-0.0353,0.0065,332.0,62.05,31.96,39.55,Noise,6.6,canonical
S3_PICALM_ANTH,298,0.0299,12,-0.0196,0.129,348.1,57.94,26.15,38.05,Noise,10.5,CRYPTIC
S3_PICALM_ANTH,282,0.0299,12,-0.0237,0.0028,284.5,76.99,45.35,45.94,Noise,4.9,canonical
S3_PICALM_ANTH,302,0.0299,12,-0.024,0.0011,262.3,72.18,58.33,61.64,Noise,10.1,CRYPTIC
S3_PICALM_ANTH,314,0.0299,12,-0.006,0.0018,242.4,70.7,61.33,40.73,Noise,8.9,canonical
S3_PICALM_ANTH,591,0.0299,12,0.018,0.0579,377.6,52.96,59.03,32.49,Noise,6.1,canonical
S3_PICALM_ANTH,138,0.0299,12,0.0644,0.1595,383.6,29.07,51.3,34.22,Noise,9.8,canonical
S3_PICALM_ANTH,303,0.0299,12,-0.0029,0.004,272.4,73.12,61.66,59.48,Noise,12.1,CRYPTIC
S3_PICALM_ANTH,275,0.0274,11,-0.004,0.0042,364.1,71.55,37.87,34.08,Noise,13.6,CRYPTIC
S3_PICALM_ANTH,47,0.0274,11,0.0006,0.0009,270.7,39.46,22.11,47.4,Noise,11.7,CRYPTIC
S3_PICALM_ANTH,553,0.0274,11,0.0312,0.0835,298.0,46.29,48.09,57.83,Noise,4.6,canonical
S3_PICALM_ANTH,128,0.0274,11,0.0432,0.0055,318.7,34.86,54.74,32.99,Noise,7.6,canonical
S3_PICALM_ANTH,31,0.0274,11,0.0154,0.0211,346.1,41.24,29.85,55.52,Noise,7.3,canonical
S3_PICALM_ANTH,609,0.0274,11,0.0104,0.0668,327.4,43.99,63.39,39.06,Noise,5.2,canonical
S3_PICALM_ANTH,166,0.0274,11,0.0343,0.006,323.4,39.89,56.19,34.24,Noise,5.3,canonical
S3_PICALM_ANTH,129,0.0274,11,0.0454,0.0046,314.2,30.72,54.33,32.35,Noise,10.8,CRYPTIC
S3_PICALM_ANTH,478,0.0274,11,0.0975,0.2087,387.7,41.92,61.39,57.59,Noise,3.3,canonical
S3_PICALM_ANTH,40,0.0274,11,0.0677,0.0043,257.6,27.59,30.84,51.69,Noise,11.8,CRYPTIC
S3_PICALM_ANTH,477,0.0274,11,0.1258,0.2611,392.2,41.27,57.77,59.44,Noise,3.0,canonical
S3_PICALM_ANTH,101,0.0274,11,0.0319,0.0305,338.9,47.06,42.02,33.92,Noise,2.6,canonical
S3_PICALM_ANTH,468,0.0274,11,-0.0057,0.0015,303.2,53.22,65.76,64.59,Noise,8.6,canonical
S3_PICALM_ANTH,630,0.0274,11,0.0139,0.0034,265.6,32.78,64.81,34.06,Noise,6.2,canonical
S3_PICALM_ANTH,437,0.0274,11,-0.0368,0.0435,259.8,75.46,42.12,53.01,Noise,9.2,canonical
S3_PICALM_ANTH,185,0.0274,11,0.0421,0.0395,413.3,61.77,45.36,51.61,Noise,4.2,canonical
S3_PICALM_ANTH,49,0.0274,11,0.0868,0.0044,333.3,35.82,29.56,53.16,Noise,8.2,canonical
S3_PICALM_ANTH,89,0.0274,11,0.0162,0.015,348.2,47.06,33.98,33.28,Noise,4.1,canonical
S3_PICALM_ANTH,596,0.0274,11,0.0297,0.0046,260.8,57.16,65.76,38.32,Noise,5.7,canonical
S3_PICALM_ANTH,214,0.0274,11,0.0185,0.0861,308.5,57.32,25.94,48.65,Noise,9.9,canonical
S3_PICALM_ANTH,309,0.0274,11,-0.0,0.1703,329.7,67.66,56.1,50.67,Noise,8.0,canonical
S3_PICALM_ANTH,308,0.0274,11,-0.0205,0.0045,243.2,72.26,54.1,48.91,Noise,5.6,canonical
S3_PICALM_ANTH,299,0.0274,11,0.0535,0.0406,324.8,60.89,28.01,42.07,Noise,7.6,canonical
S3_PICALM_ANTH,331,0.0274,11,-0.0056,0.0017,269.3,73.92,56.76,45.33,Noise,7.5,canonical
S3_PICALM_ANTH,250,0.0274,11,0.0979,0.1661,436.8,55.73,50.42,41.76,Noise,2.1,canonical
S3_PICALM_ANTH,334,0.0274,11,0.0498,0.0043,332.5,65.98,68.66,48.26,Noise,12.2,CRYPTIC
S3_PICALM_ANTH,335,0.0274,11,0.0145,0.0007,286.5,67.66,65.86,52.22,Noise,11.8,CRYPTIC
S3_PICALM_ANTH,337,0.0274,11,0.0093,0.0004,274.7,60.5,72.32,50.26,Noise,10.9,CRYPTIC
S3_PICALM_ANTH,338,0.0274,11,0.0009,0.0028,334.8,55.83,74.2,48.77,Noise,9.0,canonical
S3_PICALM_ANTH,339,0.0274,11,0.0785,0.0685,319.5,54.24,67.17,47.69,Noise,3.3,canonical
S3_PICALM_ANTH,604,0.0274,11,0.0399,0.037,332.5,39.58,66.58,50.15,Noise,6.3,canonical
S3_PICALM_ANTH,227,0.0274,11,0.0329,0.0089,334.3,62.04,25.79,58.42,Noise,9.7,canonical
S3_PICALM_ANTH,236,0.0274,11,0.0195,0.0329,308.2,51.28,30.54,55.3,Noise,2.8,canonical
S3_PICALM_ANTH,245,0.0249,10,0.0236,0.05,348.5,66.78,53.23,38.05,Noise,5.9,canonical
S3_PICALM_ANTH,636,0.0249,10,0.0308,0.009,355.5,42.2,67.02,34.89,Noise,8.2,canonical
S3_PICALM_ANTH,497,0.0249,10,0.0172,0.0055,322.4,33.58,58.09,60.82,Noise,4.5,canonical
S3_PICALM_ANTH,118,0.0249,10,0.0153,0.0035,277.0,31.86,45.11,41.71,Noise,1.1,canonical
S3_PICALM_ANTH,316,0.0249,10,-0.0057,0.005,261.9,69.88,61.76,48.33,Noise,10.9,CRYPTIC
S3_PICALM_ANTH,12,0.0249,10,0.0507,0.0366,359.9,26.59,40.87,55.33,Noise,10.2,CRYPTIC
S3_PICALM_ANTH,637,0.0249,10,0.0136,0.0575,395.3,43.58,64.32,31.6,Noise,9.9,canonical
S3_PICALM_ANTH,10,0.0249,10,0.045,0.0127,256.9,19.14,42.34,54.55,Noise,15.8,CRYPTIC
S3_PICALM_ANTH,234,0.0249,10,0.0766,0.0491,377.5,44.24,25.85,53.28,Noise,7.7,canonical
S3_PICALM_ANTH,105,0.0249,10,0.0293,0.0054,299.0,48.78,39.57,23.27,Noise,11.0,CRYPTIC
S3_PICALM_ANTH,120,0.0249,10,-0.0109,0.0123,319.7,31.06,46.16,32.64,Noise,9.1,canonical
S3_PICALM_ANTH,516,0.0249,10,0.0659,0.0051,265.5,19.62,50.0,53.8,Noise,14.0,CRYPTIC
S3_PICALM_ANTH,518,0.0249,10,0.0036,0.0019,351.2,33.65,47.01,60.11,Noise,6.2,canonical
S3_PICALM_ANTH,422,0.0249,10,-0.0188,0.0037,312.6,66.06,41.59,68.71,Noise,10.1,CRYPTIC
S3_PICALM_ANTH,421,0.0249,10,-0.0116,0.0045,331.2,60.15,40.64,69.48,Noise,8.4,canonical
S3_PICALM_ANTH,220,0.0249,10,0.0674,0.0031,278.0,45.75,23.21,43.63,Noise,7.7,canonical
S3_PICALM_ANTH,385,0.0249,10,0.0366,0.1406,357.4,47.38,52.44,65.23,Noise,2.7,canonical
S3_PICALM_ANTH,529,0.0249,10,0.0076,0.0055,250.8,39.59,49.37,46.12,Noise,1.8,canonical
S3_PICALM_ANTH,90,0.0249,10,-0.02,0.001,282.4,54.35,32.54,31.18,Noise,7.3,canonical
S3_PICALM_ANTH,46,0.0249,10,0.0189,0.0957,314.6,41.05,24.85,44.05,Noise,8.0,canonical
S3_PICALM_ANTH,319,0.0249,10,-0.0107,0.0126,303.7,75.71,58.81,48.33,Noise,9.6,canonical
S3_PICALM_ANTH,336,0.0249,10,0.017,0.0003,316.3,63.41,69.15,54.03,Noise,12.4,CRYPTIC
S3_PICALM_ANTH,444,0.0249,10,-0.0484,0.0016,255.3,68.03,48.86,67.45,Noise,11.6,CRYPTIC
S3_PICALM_ANTH,163,0.0249,10,-0.0616,0.0098,565.2,46.39,56.71,28.4,Noise,8.1,canonical
S3_PICALM_ANTH,50,0.0249,10,0.023,0.0153,264.8,37.23,28.5,49.05,Noise,8.4,canonical
S3_PICALM_ANTH,608,0.0249,10,0.1229,0.1214,355.7,44.7,66.47,47.23,Noise,4.4,canonical
S3_PICALM_ANTH,252,0.0249,10,-0.0198,0.002,300.1,57.47,47.69,29.83,Noise,5.9,canonical
S3_PICALM_ANTH,539,0.0249,10,0.1529,0.1865,276.0,49.21,51.87,46.22,Noise,5.1,canonical
S3_PICALM_ANTH,350,0.0249,10,0.1014,0.277,507.2,56.66,55.55,51.62,Noise,3.4,canonical
S3_PICALM_ANTH,616,0.0249,10,0.1338,0.0663,332.0,45.78,58.62,42.49,Noise,3.9,canonical
S3_PICALM_ANTH,378,0.0249,10,0.111,0.1311,298.4,50.96,43.02,49.05,Noise,3.1,canonical
S3_PICALM_ANTH,467,0.0249,10,-0.018,0.0604,445.4,52.74,61.14,62.21,Noise,3.6,canonical
S3_PICALM_ANTH,530,0.0249,10,0.0444,0.0091,255.0,40.06,53.97,46.24,Noise,4.0,canonical
S3_PICALM_ANTH,584,0.0249,10,0.0204,0.0197,368.5,66.74,59.21,39.67,Noise,4.8,canonical
S3_PICALM_ANTH,45,0.0249,10,0.0268,0.0117,297.2,35.47,24.88,43.78,Noise,12.4,CRYPTIC
S3_PICALM_ANTH,571,0.0249,10,0.1512,0.1076,196.2,46.14,40.18,47.12,Noise,4.2,canonical
S3_PICALM_ANTH,542,0.0224,9,0.0792,0.0114,301.4,41.83,52.21,42.22,Noise,3.9,canonical
S3_PICALM_ANTH,650,0.0224,9,0.0355,0.0574,335.3,34.5,63.84,50.76,Noise,2.2,canonical
S3_PICALM_ANTH,451,0.0224,9,-0.0548,0.03,317.9,62.71,46.9,69.35,Noise,8.7,canonical
S3_PICALM_ANTH,524,0.0224,9,0.0111,0.0847,371.3,31.5,57.12,53.4,Noise,4.2,canonical
S3_PICALM_ANTH,505,0.0224,9,0.059,0.044,339.2,34.07,65.26,54.84,Noise,6.4,canonical
S3_PICALM_ANTH,580,0.0224,9,-0.0038,0.0013,245.1,66.73,59.6,30.68,Noise,9.6,canonical
S3_PICALM_ANTH,645,0.0224,9,0.0742,0.0272,257.5,26.54,69.08,36.8,Noise,12.3,CRYPTIC
S3_PICALM_ANTH,509,0.0224,9,0.0144,0.0164,279.6,27.11,55.91,50.06,Noise,7.5,canonical
S3_PICALM_ANTH,613,0.0224,9,0.1224,0.0117,281.4,47.99,63.27,41.24,Noise,1.7,canonical
S3_PICALM_ANTH,469,0.0224,9,0.0471,0.0041,279.6,58.38,70.4,57.6,Noise,11.7,CRYPTIC
S3_PICALM_ANTH,326,0.0224,9,-0.0069,0.0242,238.1,72.87,47.14,39.52,Noise,7.7,canonical
S3_PICALM_ANTH,652,0.0224,9,0.0668,0.001,273.1,30.67,67.41,46.22,Noise,7.5,canonical
S3_PICALM_ANTH,23,0.0224,9,0.0172,0.0004,250.8,31.22,39.74,64.11,Noise,9.6,canonical
S3_PICALM_ANTH,305,0.0224,9,-0.0063,0.0456,305.1,72.59,47.15,56.9,Noise,3.4,canonical
S3_PICALM_ANTH,292,0.0224,9,0.0057,0.0051,224.1,67.14,31.02,43.41,Noise,9.9,canonical
S3_PICALM_ANTH,291,0.0224,9,0.0502,0.0081,251.4,69.84,31.75,46.89,Noise,11.3,CRYPTIC
S3_PICALM_ANTH,127,0.0224,9,0.0358,0.0019,239.0,26.51,55.6,27.54,Noise,16.0,CRYPTIC
S3_PICALM_ANTH,343,0.0224,9,0.026,0.0056,394.7,60.6,62.85,55.8,Noise,7.1,canonical
S3_PICALM_ANTH,135,0.0224,9,0.0522,0.0007,250.2,22.35,53.71,36.13,Noise,13.2,CRYPTIC
S3_PICALM_ANTH,43,0.0224,9,0.046,0.0012,205.2,29.76,22.82,43.98,Noise,17.2,CRYPTIC
S3_PICALM_ANTH,189,0.0224,9,0.0612,0.1242,435.9,61.06,33.96,45.15,Noise,3.4,canonical
S3_PICALM_ANTH,213,0.0224,9,0.0148,0.0364,273.4,55.34,21.14,54.24,Noise,12.6,CRYPTIC
S3_PICALM_ANTH,215,0.0224,9,0.0024,0.0029,267.9,58.39,21.21,44.72,Noise,13.7,CRYPTIC
S3_PICALM_ANTH,222,0.0224,9,0.0129,0.002,308.2,63.05,29.9,53.85,Noise,8.8,canonical
S3_PICALM_ANTH,294,0.0224,9,0.0009,0.0058,340.0,66.18,27.33,49.49,Noise,12.5,CRYPTIC
S3_PICALM_ANTH,2,0.0224,9,0.0417,0.0104,256.4,23.47,40.31,42.62,Noise,10.8,CRYPTIC
S3_PICALM_ANTH,224,0.0224,9,-0.0366,0.0051,311.6,68.74,29.4,55.76,Noise,12.0,CRYPTIC
S3_PICALM_ANTH,225,0.0224,9,0.005,0.0012,286.3,57.75,25.94,53.32,Noise,10.9,CRYPTIC
S3_PICALM_ANTH,6,0.0224,9,0.0344,0.0007,284.4,25.16,37.85,47.63,Noise,10.5,CRYPTIC
S3_PICALM_ANTH,407,0.0224,9,-0.0304,0.0219,306.3,45.28,42.31,76.89,Noise,13.4,CRYPTIC
S3_PICALM_ANTH,265,0.02,8,-0.0181,0.0024,252.5,71.75,47.47,34.22,Noise,11.6,CRYPTIC
S3_PICALM_ANTH,226,0.02,8,0.0175,0.0023,219.8,61.87,23.41,52.84,Noise,13.8,CRYPTIC
S3_PICALM_ANTH,117,0.02,8,0.0776,0.099,354.1,33.59,40.7,43.03,Noise,2.7,canonical
S3_PICALM_ANTH,253,0.02,8,0.0109,0.0194,360.8,51.8,49.18,29.81,Noise,5.1,canonical
S3_PICALM_ANTH,126,0.02,8,-0.0114,0.001,258.5,31.44,48.61,27.59,Noise,10.3,CRYPTIC
S3_PICALM_ANTH,264,0.02,8,-0.0181,0.0035,258.1,72.14,48.97,31.44,Noise,12.7,CRYPTIC
S3_PICALM_ANTH,490,0.02,8,-0.008,0.0019,289.9,38.26,44.71,68.4,Noise,5.0,canonical
S3_PICALM_ANTH,463,0.02,8,-0.0102,0.0062,299.9,57.17,61.35,68.36,Noise,9.5,canonical
S3_PICALM_ANTH,131,0.02,8,0.0576,0.0012,280.9,20.25,45.32,37.97,Noise,12.9,CRYPTIC
S3_PICALM_ANTH,287,0.02,8,-0.045,0.0209,264.8,70.48,34.14,37.83,Noise,13.0,CRYPTIC
S3_PICALM_ANTH,281,0.02,8,0.0175,0.0139,335.1,75.01,35.48,43.32,Noise,14.2,CRYPTIC
S3_PICALM_ANTH,132,0.02,8,0.0281,0.0005,267.3,25.82,48.6,44.09,Noise,7.7,canonical
S3_PICALM_ANTH,522,0.02,8,0.0363,0.0045,286.6,28.34,54.98,56.86,Noise,6.3,canonical
S3_PICALM_ANTH,280,0.02,8,0.0268,0.0059,344.2,71.73,35.12,44.06,Noise,11.6,CRYPTIC
S3_PICALM_ANTH,133,0.02,8,0.008,0.0049,297.6,23.13,52.79,43.07,Noise,10.7,CRYPTIC
S3_PICALM_ANTH,167,0.02,8,0.0291,0.0021,294.4,39.03,55.13,29.06,Noise,7.1,canonical
S3_PICALM_ANTH,454,0.02,8,-0.0416,0.0065,250.2,59.91,55.93,71.82,Noise,10.8,CRYPTIC
S3_PICALM_ANTH,520,0.02,8,0.0319,0.0322,290.6,24.61,46.1,61.29,Noise,13.7,CRYPTIC
S3_PICALM_ANTH,486,0.02,8,-0.0214,0.0004,235.0,43.44,59.81,70.69,Noise,11.7,CRYPTIC
S3_PICALM_ANTH,484,0.02,8,0.0275,0.0031,397.4,50.7,59.64,67.54,Noise,6.1,canonical
S3_PICALM_ANTH,412,0.02,8,-0.0531,0.0124,300.8,52.2,38.79,66.54,Noise,6.7,canonical
S3_PICALM_ANTH,455,0.02,8,-0.0589,0.0059,317.2,55.13,55.11,69.39,Noise,7.8,canonical
S3_PICALM_ANTH,25,0.02,8,-0.0119,0.0004,273.5,33.83,38.98,68.42,Noise,8.5,canonical
S3_PICALM_ANTH,72,0.02,8,-0.0068,0.0019,233.1,39.36,27.52,28.06,Noise,11.3,CRYPTIC
S3_PICALM_ANTH,432,0.02,8,0.0267,0.0178,316.3,70.12,52.52,57.87,Noise,3.7,canonical
S3_PICALM_ANTH,453,0.02,8,-0.026,0.006,334.1,63.03,51.79,71.0,Noise,11.3,CRYPTIC
S3_PICALM_ANTH,425,0.02,8,-0.0039,0.0051,298.8,67.3,37.55,62.68,Noise,9.3,canonical
S3_PICALM_ANTH,424,0.02,8,-0.005,0.0032,260.9,58.82,36.82,63.81,Noise,4.4,canonical
S3_PICALM_ANTH,642,0.02,8,0.09,0.101,406.1,32.49,61.23,39.84,Noise,4.5,canonical
S3_PICALM_ANTH,418,0.02,8,0.0129,0.064,269.0,45.24,31.19,61.72,Noise,6.9,canonical
S3_PICALM_ANTH,440,0.02,8,-0.0352,0.006,276.2,73.33,41.21,60.22,Noise,10.2,CRYPTIC
S3_PICALM_ANTH,95,0.02,8,0.0093,0.0081,344.8,46.73,26.47,37.17,Noise,6.7,canonical
S3_PICALM_ANTH,647,0.02,8,0.0393,0.0016,324.5,38.39,62.86,46.36,Noise,4.0,canonical
S3_PICALM_ANTH,106,0.02,8,0.0171,0.093,292.7,46.01,34.67,24.54,Noise,10.6,CRYPTIC
S3_PICALM_ANTH,96,0.02,8,-0.012,0.0036,351.4,49.6,45.4,26.89,Noise,6.3,canonical
S3_PICALM_ANTH,618,0.02,8,0.1023,0.0771,454.6,42.16,64.0,43.89,Noise,4.8,canonical
S3_PICALM_ANTH,80,0.02,8,-0.0215,0.0004,264.3,36.61,37.63,28.37,Noise,10.7,CRYPTIC
S3_PICALM_ANTH,576,0.02,8,-0.0226,0.0004,258.4,52.61,60.91,26.86,Noise,9.6,canonical
S3_PICALM_ANTH,4,0.0175,7,0.0689,0.0029,278.4,21.04,33.28,49.38,Noise,16.3,CRYPTIC
S3_PICALM_ANTH,5,0.0175,7,0.0426,0.0067,286.1,20.03,37.87,47.31,Noise,15.3,CRYPTIC
S3_PICALM_ANTH,507,0.0175,7,0.0029,0.0045,267.7,27.24,60.64,60.2,Noise,10.1,CRYPTIC
S3_PICALM_ANTH,514,0.0175,7,0.0371,0.0031,222.8,21.04,54.46,62.17,Noise,15.1,CRYPTIC
S3_PICALM_ANTH,523,0.0175,7,0.0334,0.0049,179.9,25.98,51.47,59.39,Noise,9.6,canonical
S3_PICALM_ANTH,7,0.0175,7,0.0297,0.0024,219.8,23.17,31.59,54.81,Noise,14.9,CRYPTIC
S3_PICALM_ANTH,638,0.0175,7,0.0127,0.0027,206.4,28.05,61.75,32.23,Noise,10.4,CRYPTIC
S3_PICALM_ANTH,631,0.0175,7,0.0166,0.0039,319.0,36.15,60.04,36.0,Noise,3.0,canonical
S3_PICALM_ANTH,624,0.0175,7,0.0127,0.0849,324.8,48.96,69.56,39.11,Noise,6.5,canonical
S3_PICALM_ANTH,510,0.0175,7,0.0114,0.001,298.4,24.44,56.23,47.61,Noise,10.7,CRYPTIC
S3_PICALM_ANTH,237,0.0175,7,0.009,0.0024,286.5,53.84,30.92,65.95,Noise,6.9,canonical
S3_PICALM_ANTH,526,0.0175,7,-0.016,0.0126,293.2,29.8,54.93,43.87,Noise,4.2,canonical
S3_PICALM_ANTH,218,0.0175,7,-0.0184,0.0014,226.8,49.8,19.34,43.64,Noise,12.0,CRYPTIC
S3_PICALM_ANTH,612,0.0175,7,0.0727,0.0043,372.8,38.8,63.89,37.93,Noise,2.9,canonical
S3_PICALM_ANTH,611,0.0175,7,0.0963,0.0057,196.5,37.89,67.33,40.61,Noise,6.0,canonical
S3_PICALM_ANTH,605,0.0175,7,0.0997,0.0109,297.9,40.1,71.27,51.87,Noise,6.8,canonical
S3_PICALM_ANTH,544,0.0175,7,-0.0184,0.1393,409.8,44.57,42.3,66.24,Noise,4.6,canonical
S3_PICALM_ANTH,137,0.0175,7,0.0393,0.0021,360.2,27.32,45.7,37.1,Noise,7.0,canonical
S3_PICALM_ANTH,600,0.0175,7,0.0723,0.0029,362.3,49.15,73.52,52.23,Noise,8.1,canonical
S3_PICALM_ANTH,55,0.0175,7,0.0404,0.0066,279.4,30.79,28.99,41.97,Noise,11.8,CRYPTIC
S3_PICALM_ANTH,594,0.0175,7,0.0213,0.0013,310.8,62.18,64.66,34.93,Noise,5.1,canonical
S3_PICALM_ANTH,78,0.0175,7,-0.0131,0.0224,238.9,37.5,45.21,21.12,Noise,12.8,CRYPTIC
S3_PICALM_ANTH,579,0.0175,7,0.0364,0.0021,326.4,69.07,62.05,35.34,Noise,10.1,CRYPTIC
S3_PICALM_ANTH,82,0.0175,7,-0.0446,0.0007,256.9,37.08,35.9,21.92,Noise,15.4,CRYPTIC
S3_PICALM_ANTH,121,0.0175,7,0.0023,0.0006,303.3,29.34,39.79,31.8,Noise,11.3,CRYPTIC
S3_PICALM_ANTH,506,0.0175,7,0.0266,0.0014,297.5,27.51,62.21,55.06,Noise,9.5,canonical
S3_PICALM_ANTH,212,0.0175,7,0.0039,0.0024,251.0,52.61,21.62,49.79,Noise,12.4,CRYPTIC
S3_PICALM_ANTH,429,0.0175,7,-0.003,0.0046,316.4,62.33,29.01,63.8,Noise,7.9,canonical
S3_PICALM_ANTH,438,0.0175,7,-0.002,0.0246,302.4,69.32,39.15,56.35,Noise,7.6,canonical
S3_PICALM_ANTH,276,0.0175,7,0.0013,0.0009,270.6,74.16,39.46,39.56,Noise,12.3,CRYPTIC
S3_PICALM_ANTH,321,0.0175,7,0.077,0.1677,360.8,70.98,49.34,48.37,Noise,3.8,canonical
S3_PICALM_ANTH,476,0.0175,7,0.0171,0.0007,268.9,37.87,62.43,61.96,Noise,1.6,canonical
S3_PICALM_ANTH,278,0.0175,7,0.0436,0.0011,300.0,71.96,42.23,36.61,Noise,11.8,CRYPTIC
S3_PICALM_ANTH,406,0.0175,7,0.0039,0.0019,358.1,44.06,44.87,70.01,Noise,7.1,canonical
S3_PICALM_ANTH,426,0.0175,7,0.0324,0.0256,304.0,64.95,34.62,60.37,Noise,6.1,canonical
S3_PICALM_ANTH,470,0.0175,7,-0.0064,0.0001,227.4,62.16,69.73,60.96,Noise,14.5,CRYPTIC
S3_PICALM_ANTH,459,0.0175,7,0.0071,0.0046,298.8,52.55,61.28,72.07,Noise,11.0,CRYPTIC
S3_PICALM_ANTH,472,0.0175,7,-0.0484,0.0004,311.0,66.78,67.86,61.83,Noise,16.7,CRYPTIC
S3_PICALM_ANTH,403,0.0175,7,0.0533,0.0197,366.0,52.91,52.17,75.34,Noise,12.4,CRYPTIC
S3_PICALM_ANTH,258,0.0175,7,-0.0731,0.0003,428.2,56.9,49.63,23.52,Noise,11.4,CRYPTIC
S3_PICALM_ANTH,398,0.0175,7,-0.0154,0.0003,213.7,37.39,50.1,74.82,Noise,13.2,CRYPTIC
S3_PICALM_ANTH,462,0.0175,7,-0.0096,0.0893,287.1,61.63,60.94,67.37,Noise,10.6,CRYPTIC
S3_PICALM_ANTH,397,0.0175,7,-0.0016,0.0064,311.5,40.53,49.05,75.6,Noise,12.9,CRYPTIC
S3_PICALM_ANTH,575,0.015,6,-0.0083,0.0005,294.1,55.36,62.37,29.5,Noise,5.9,canonical
S3_PICALM_ANTH,146,0.015,6,0.0022,0.0022,284.9,36.22,52.59,21.3,Noise,12.8,CRYPTIC
S3_PICALM_ANTH,149,0.015,6,0.0713,0.0182,313.7,35.13,58.41,24.14,Noise,13.6,CRYPTIC
S3_PICALM_ANTH,52,0.015,6,0.0356,0.0109,288.3,28.06,34.34,29.73,Noise,14.2,CRYPTIC
S3_PICALM_ANTH,279,0.015,6,0.0023,0.0015,230.2,72.11,33.87,50.25,Noise,10.4,CRYPTIC
S3_PICALM_ANTH,595,0.015,6,0.0112,0.0038,223.1,60.77,68.26,38.41,Noise,8.2,canonical
S3_PICALM_ANTH,592,0.015,6,0.034,0.0007,285.8,53.11,67.21,36.49,Noise,6.2,canonical
S3_PICALM_ANTH,216,0.015,6,0.005,0.025,348.6,55.81,22.65,40.01,Noise,12.5,CRYPTIC
S3_PICALM_ANTH,75,0.015,6,0.0552,0.0015,357.5,33.07,44.17,26.69,Noise,10.8,CRYPTIC
S3_PICALM_ANTH,77,0.015,6,-0.033,0.162,313.3,40.6,45.5,26.39,Noise,7.6,canonical
S3_PICALM_ANTH,558,0.015,6,0.0985,0.031,314.9,34.41,49.92,55.63,Noise,4.2,canonical
S3_PICALM_ANTH,311,0.015,6,-0.0008,0.0023,234.8,77.09,53.86,54.64,Noise,6.3,canonical
S3_PICALM_ANTH,578,0.015,6,-0.0507,0.0017,258.4,49.78,66.07,29.82,Noise,10.7,CRYPTIC
S3_PICALM_ANTH,313,0.015,6,0.0373,0.0003,283.8,72.84,63.04,43.87,Noise,11.9,CRYPTIC
S3_PICALM_ANTH,572,0.015,6,0.2735,0.4923,392.5,44.41,43.85,46.21,Noise,2.3,canonical
S3_PICALM_ANTH,400,0.015,6,-0.0058,0.1368,335.5,44.04,55.1,74.66,Noise,12.8,CRYPTIC
S3_PICALM_ANTH,48,0.015,6,0.0082,0.0022,251.1,33.8,23.96,51.69,Noise,14.2,CRYPTIC
S3_PICALM_ANTH,42,0.015,6,0.0345,0.006,215.3,23.92,25.85,49.82,Noise,18.1,CRYPTIC
S3_PICALM_ANTH,489,0.015,6,0.0325,0.0102,315.5,39.58,49.62,68.41,Noise,8.1,canonical
S3_PICALM_ANTH,410,0.015,6,-0.0032,0.0008,277.2,39.63,35.63,69.0,Noise,8.4,canonical
S3_PICALM_ANTH,408,0.015,6,0.0252,0.0062,314.6,46.9,34.09,69.78,Noise,11.2,CRYPTIC
S3_PICALM_ANTH,644,0.015,6,0.0735,0.0012,244.0,33.76,72.6,38.87,Noise,11.0,CRYPTIC
S3_PICALM_ANTH,8,0.015,6,0.0232,0.0035,223.8,23.13,34.07,58.92,Noise,14.8,CRYPTIC
S3_PICALM_ANTH,9,0.015,6,0.0458,0.0007,244.9,23.75,36.59,54.66,Noise,13.1,CRYPTIC
S3_PICALM_ANTH,511,0.015,6,0.101,0.0068,347.8,25.58,64.76,46.58,Noise,10.2,CRYPTIC
S3_PICALM_ANTH,21,0.015,6,-0.015,0.0025,290.2,38.96,27.26,60.79,Noise,12.0,CRYPTIC
S3_PICALM_ANTH,401,0.015,6,-0.0115,0.0017,260.4,45.26,51.5,70.12,Noise,7.6,canonical
S3_PICALM_ANTH,88,0.015,6,0.0028,0.0133,363.3,48.46,30.37,32.18,Noise,4.9,canonical
S3_PICALM_ANTH,223,0.015,6,-0.0073,0.0008,244.8,67.99,32.5,52.91,Noise,9.2,canonical
S3_PICALM_ANTH,485,0.015,6,-0.0218,0.0023,303.6,40.96,62.81,70.19,Noise,10.2,CRYPTIC
S3_PICALM_ANTH,402,0.015,6,0.0013,0.02,269.6,46.96,50.13,77.46,Noise,14.0,CRYPTIC
S3_PICALM_ANTH,266,0.015,6,-0.0258,0.0497,383.1,60.2,42.16,28.59,Noise,7.9,canonical
S3_PICALM_ANTH,620,0.015,6,-0.0172,0.0007,285.9,40.8,71.69,36.34,Noise,10.7,CRYPTIC
S3_PICALM_ANTH,632,0.0125,5,0.032,0.0006,273.7,34.24,61.36,30.96,Noise,7.6,canonical
S3_PICALM_ANTH,411,0.0125,5,-0.0102,0.029,321.8,41.61,37.54,73.27,Noise,10.3,CRYPTIC
S3_PICALM_ANTH,332,0.0125,5,0.0046,0.0014,326.9,75.05,59.25,40.91,Noise,11.5,CRYPTIC
S3_PICALM_ANTH,1,0.0125,5,0.0472,0.0006,257.5,22.38,42.33,38.85,Noise,11.2,CRYPTIC
S3_PICALM_ANTH,51,0.0125,5,0.0636,0.0574,329.3,25.08,32.1,32.71,Noise,15.5,CRYPTIC
S3_PICALM_ANTH,340,0.0125,5,-0.0084,0.0008,339.0,60.3,70.19,45.1,Noise,9.6,canonical
S3_PICALM_ANTH,399,0.0125,5,-0.0302,0.0138,308.5,48.66,56.1,72.53,Noise,10.2,CRYPTIC
S3_PICALM_ANTH,634,0.0125,5,0.0214,0.0004,226.5,40.82,72.0,29.92,Noise,13.6,CRYPTIC
S3_PICALM_ANTH,341,0.0125,5,-0.0452,0.0026,359.2,57.14,71.7,42.5,Noise,7.9,canonical
S3_PICALM_ANTH,621,0.0125,5,0.0992,0.0022,313.0,45.53,73.68,40.03,Noise,11.2,CRYPTIC
S3_PICALM_ANTH,57,0.0125,5,0.0992,0.0012,295.2,22.5,30.63,40.51,Noise,16.7,CRYPTIC
S3_PICALM_ANTH,629,0.0125,5,0.0228,0.0016,215.8,34.82,67.27,36.56,Noise,5.8,canonical
S3_PICALM_ANTH,71,0.0125,5,-0.0236,0.0018,179.5,41.62,29.61,20.53,Noise,17.2,CRYPTIC
S3_PICALM_ANTH,62,0.0125,5,0.017,0.05,335.6,39.13,21.71,38.26,Noise,11.9,CRYPTIC
S3_PICALM_ANTH,627,0.0125,5,-0.0337,0.0112,337.3,40.8,60.87,30.35,Noise,9.0,canonical
S3_PICALM_ANTH,53,0.0125,5,0.0282,0.0004,257.4,28.43,33.08,44.81,Noise,10.0,CRYPTIC
S3_PICALM_ANTH,625,0.0125,5,-0.022,0.0242,273.1,51.03,77.27,44.92,Noise,11.7,CRYPTIC
S3_PICALM_ANTH,593,0.0125,5,0.0506,0.0066,200.9,56.8,67.21,33.73,Noise,5.9,canonical
S3_PICALM_ANTH,441,0.0125,5,-0.0442,0.0062,228.0,66.36,43.2,63.75,Noise,7.6,canonical
S3_PICALM_ANTH,405,0.0125,5,0.0192,0.002,216.7,51.33,45.28,73.54,Noise,11.7,CRYPTIC
S3_PICALM_ANTH,22,0.0125,5,0.0704,0.0088,306.8,28.44,35.33,61.47,Noise,11.1,CRYPTIC
S3_PICALM_ANTH,235,0.0125,5,0.0188,0.0156,411.7,56.17,29.28,58.75,Noise,6.3,canonical
S3_PICALM_ANTH,512,0.0125,5,0.136,0.0014,293.8,20.96,59.46,41.52,Noise,13.9,CRYPTIC
S3_PICALM_ANTH,103,0.0125,5,0.0282,0.0014,317.2,40.89,39.76,23.29,Noise,11.8,CRYPTIC
S3_PICALM_ANTH,134,0.0125,5,0.1612,0.025,284.3,26.25,55.14,33.43,Noise,12.1,CRYPTIC
S3_PICALM_ANTH,488,0.0125,5,-0.0068,0.0016,292.0,35.5,44.59,74.97,Noise,11.8,CRYPTIC
S3_PICALM_ANTH,228,0.0125,5,-0.0124,0.0014,265.3,58.63,23.41,60.93,Noise,11.5,CRYPTIC
S3_PICALM_ANTH,229,0.0125,5,0.0508,0.0174,375.9,43.11,22.66,56.85,Noise,10.9,CRYPTIC
S3_PICALM_ANTH,475,0.0125,5,-0.0096,0.0002,256.0,46.67,68.96,59.72,Noise,6.7,canonical
S3_PICALM_ANTH,508,0.0125,5,0.0654,0.0004,322.0,24.4,60.78,50.26,Noise,10.8,CRYPTIC
S3_PICALM_ANTH,233,0.0125,5,-0.0278,0.0012,256.0,45.86,20.66,51.99,Noise,12.2,CRYPTIC
S3_PICALM_ANTH,141,0.0125,5,-0.0104,0.0016,293.6,48.63,52.3,23.46,Noise,10.4,CRYPTIC
S3_PICALM_ANTH,423,0.01,4,0.0288,0.0055,352.9,60.54,37.78,60.06,Noise,3.3,canonical
S3_PICALM_ANTH,11,0.01,4,0.0415,0.0428,249.2,22.34,40.58,59.75,Noise,15.6,CRYPTIC
S3_PICALM_ANTH,277,0.01,4,-0.043,0.0008,319.2,76.61,43.38,36.72,Noise,11.9,CRYPTIC
S3_PICALM_ANTH,217,0.01,4,-0.0365,0.0008,293.6,50.81,21.33,38.65,Noise,11.6,CRYPTIC
S3_PICALM_ANTH,328,0.01,4,0.0168,0.0025,340.3,77.9,52.07,40.55,Noise,7.6,canonical
S3_PICALM_ANTH,268,0.01,4,0.1408,0.006,356.6,66.51,37.39,28.53,Noise,12.9,CRYPTIC
S3_PICALM_ANTH,27,0.01,4,0.0192,0.0195,347.0,32.56,30.8,63.74,Noise,12.2,CRYPTIC
S3_PICALM_ANTH,651,0.01,4,-0.0445,0.0005,301.1,32.98,70.91,49.11,Noise,8.9,canonical
S3_PICALM_ANTH,24,0.01,4,0.073,0.0168,321.0,31.71,34.53,67.16,Noise,12.1,CRYPTIC
S3_PICALM_ANTH,404,0.01,4,-0.0265,0.0015,300.3,49.86,50.33,69.41,Noise,5.9,canonical
S3_PICALM_ANTH,622,0.01,4,-0.0475,0.0028,274.8,40.48,74.16,41.56,Noise,13.2,CRYPTIC
S3_PICALM_ANTH,500,0.01,4,-0.031,0.0005,316.7,32.19,60.66,64.84,Noise,6.5,canonical
S3_PICALM_ANTH,649,0.01,4,0.0005,0.0848,322.6,31.1,61.74,47.41,Noise,4.5,canonical
S3_PICALM_ANTH,501,0.01,4,0.0152,0.0038,322.5,33.82,56.5,68.27,Noise,9.6,canonical
S3_PICALM_ANTH,628,0.01,4,-0.0085,0.005,280.4,37.27,65.57,27.64,Noise,11.1,CRYPTIC
S3_PICALM_ANTH,409,0.01,4,0.012,0.002,338.9,43.94,30.17,66.06,Noise,11.0,CRYPTIC
S3_PICALM_ANTH,428,0.01,4,-0.0528,0.002,203.0,64.57,35.28,67.18,Noise,9.3,canonical
S3_PICALM_ANTH,230,0.01,4,-0.0302,0.001,336.1,46.86,20.8,59.06,Noise,11.6,CRYPTIC
S3_PICALM_ANTH,504,0.01,4,0.0118,0.0155,264.9,29.34,69.1,54.02,Noise,10.1,CRYPTIC
S3_PICALM_ANTH,81,0.01,4,0.076,0.002,241.0,30.58,34.65,23.25,Noise,18.1,CRYPTIC
S3_PICALM_ANTH,413,0.01,4,-0.0375,0.005,268.7,55.24,36.64,71.34,Noise,10.9,CRYPTIC
S3_PICALM_ANTH,293,0.01,4,0.0035,0.0228,347.6,65.68,25.14,42.69,Noise,12.4,CRYPTIC
S3_PICALM_ANTH,79,0.01,4,0.0155,0.009,323.3,36.22,32.14,31.32,Noise,8.5,canonical
S3_PICALM_ANTH,574,0.01,4,-0.0308,0.0015,193.6,52.37,74.82,31.41,Noise,14.6,CRYPTIC
S3_PICALM_ANTH,499,0.01,4,0.0602,0.0005,315.9,30.53,52.84,70.42,Noise,14.0,CRYPTIC
S3_PICALM_ANTH,76,0.01,4,-0.004,0.0015,204.7,31.86,41.85,22.34,Noise,15.5,CRYPTIC
S3_PICALM_ANTH,143,0.01,4,-0.006,0.0008,284.6,37.06,49.78,25.1,Noise,8.5,canonical
S3_PICALM_ANTH,58,0.01,4,0.0707,0.0008,253.8,27.14,26.0,43.06,Noise,16.5,CRYPTIC
S3_PICALM_ANTH,288,0.01,4,0.03,0.0008,238.8,68.17,31.53,34.85,Noise,13.9,CRYPTIC
S3_PICALM_ANTH,125,0.01,4,-0.0132,0.001,293.3,30.12,51.63,23.04,Noise,14.4,CRYPTIC
S3_PICALM_ANTH,139,0.01,4,-0.0042,0.0082,358.1,44.47,45.09,19.79,Noise,13.8,CRYPTIC
S3_PICALM_ANTH,20,0.0075,3,0.0237,0.0013,299.7,33.79,23.16,59.19,Noise,15.5,CRYPTIC
S3_PICALM_ANTH,73,0.0075,3,0.0517,0.0027,223.0,31.43,27.96,27.52,Noise,15.5,CRYPTIC
S3_PICALM_ANTH,261,0.0075,3,0.0037,0.002,160.6,66.22,42.67,26.03,Noise,12.3,CRYPTIC
S3_PICALM_ANTH,581,0.0075,3,-0.0393,0.002,267.8,68.2,66.75,42.49,Noise,11.4,CRYPTIC
S3_PICALM_ANTH,144,0.0075,3,-0.02,0.0017,229.9,42.12,53.19,23.94,Noise,10.0,canonical
S3_PICALM_ANTH,13,0.0075,3,0.04,0.0073,212.7,17.36,44.27,49.83,Noise,16.6,CRYPTIC
S3_PICALM_ANTH,427,0.0075,3,-0.0843,0.0063,258.8,69.15,32.22,63.58,Noise,11.2,CRYPTIC
S3_PICALM_ANTH,94,0.0075,3,-0.008,0.0613,430.0,42.84,27.03,33.8,Noise,7.2,canonical
S3_PICALM_ANTH,502,0.0075,3,-0.041,0.0005,246.8,36.64,58.67,71.31,Noise,10.9,CRYPTIC
S3_PICALM_ANTH,3,0.0075,3,0.0623,0.0007,249.4,23.6,30.44,46.32,Noise,15.3,CRYPTIC
S3_PICALM_ANTH,130,0.0075,3,-0.0393,0.0007,297.4,21.64,49.35,34.25,Noise,13.7,CRYPTIC
S3_PICALM_ANTH,219,0.0075,3,-0.013,0.0033,263.2,44.14,19.79,40.52,Noise,11.7,CRYPTIC
S3_PICALM_ANTH,140,0.0075,3,0.0183,0.0187,283.0,47.03,49.06,18.41,Noise,15.3,CRYPTIC
S3_PICALM_ANTH,607,0.0075,3,-0.0577,0.0003,370.0,47.93,68.94,49.15,Noise,4.4,canonical
S3_PICALM_ANTH,487,0.0075,3,0.0433,0.0,292.6,32.01,42.17,73.3,Noise,12.2,CRYPTIC
S3_PICALM_ANTH,59,0.0075,3,0.0887,0.001,290.1,31.01,27.66,33.97,Noise,12.9,CRYPTIC
S3_PICALM_ANTH,603,0.0075,3,-0.0033,0.0007,304.6,39.55,72.08,57.49,Noise,4.8,canonical
S3_PICALM_ANTH,147,0.0075,3,0.0333,0.0,290.4,45.77,58.4,21.56,Noise,14.5,CRYPTIC
S3_PICALM_ANTH,471,0.0075,3,-0.0703,0.0003,255.9,66.57,62.98,65.44,Noise,14.3,CRYPTIC
S3_PICALM_ANTH,61,0.0075,3,0.0383,0.002,213.7,33.73,21.64,34.89,Noise,14.5,CRYPTIC
S3_PICALM_ANTH,238,0.005,2,-0.0205,0.013,504.5,47.11,24.68,65.5,Noise,12.1,CRYPTIC
S3_PICALM_ANTH,577,0.005,2,-0.03,0.0005,287.4,55.11,69.96,24.25,Noise,13.7,CRYPTIC
S3_PICALM_ANTH,70,0.005,2,-0.0005,0.001,127.2,46.43,27.35,24.04,Noise,13.8,CRYPTIC
S3_PICALM_ANTH,256,0.005,2,0.044,0.005,338.8,56.93,55.95,27.13,Noise,9.4,canonical
S3_PICALM_ANTH,148,0.005,2,-0.064,0.0005,149.2,39.86,62.06,21.23,Noise,17.3,CRYPTIC
S3_PICALM_ANTH,573,0.005,2,-0.0395,0.0025,267.2,58.5,72.42,30.3,Noise,11.7,CRYPTIC
S3_PICALM_ANTH,93,0.005,2,0.0235,0.0065,656.3,46.59,22.54,31.29,Noise,11.7,CRYPTIC
S3_PICALM_ANTH,145,0.005,2,-0.023,0.001,226.7,38.73,47.9,16.6,Noise,16.5,CRYPTIC
S3_PICALM_ANTH,474,0.005,2,-0.0355,0.0,312.9,40.65,68.35,63.44,Noise,6.1,canonical
S3_PICALM_ANTH,123,0.005,2,0.008,0.001,203.7,25.67,43.01,27.16,Noise,16.3,CRYPTIC
S3_PICALM_ANTH,41,0.005,2,0.089,0.0025,197.2,26.63,24.24,55.78,Noise,16.8,CRYPTIC
S3_PICALM_ANTH,28,0.005,2,0.027,0.0,213.5,27.72,28.37,64.07,Noise,16.1,CRYPTIC
S3_PICALM_ANTH,633,0.005,2,-0.021,0.0003,223.5,45.36,71.07,25.02,Noise,18.2,CRYPTIC
S3_PICALM_ANTH,481,0.005,2,-0.061,0.004,273.9,47.38,65.93,72.61,Noise,14.1,CRYPTIC
S3_PICALM_ANTH,460,0.005,2,-0.0745,0.037,475.8,54.79,58.82,76.28,Noise,15.0,CRYPTIC
S3_PICALM_ANTH,601,0.005,2,-0.0745,0.0,189.1,51.5,76.33,59.58,Noise,14.3,CRYPTIC
S3_PICALM_ANTH,619,0.005,2,0.0395,0.0025,217.4,40.34,76.27,36.91,Noise,14.8,CRYPTIC
S3_PICALM_ANTH,482,0.005,2,0.0595,0.0075,351.3,47.58,72.28,65.53,Noise,11.8,CRYPTIC
S3_PICALM_ANTH,515,0.005,2,0.036,0.0047,197.7,16.99,57.31,53.29,Noise,16.8,CRYPTIC
S3_PICALM_ANTH,503,0.0025,1,0.0,0.001,435.5,28.59,61.0,71.56,Noise,13.8,CRYPTIC
S3_PICALM_ANTH,513,0.0025,1,0.127,0.052,356.3,19.39,62.79,47.23,Noise,15.8,CRYPTIC
S3_PICALM_ANTH,74,0.0025,1,0.041,0.0,344.5,32.39,28.22,20.78,Noise,19.9,CRYPTIC
S3_PICALM_ANTH,286,0.0025,1,0.175,0.001,211.5,63.35,29.02,28.7,Noise,14.2,CRYPTIC
