chain, residue_label, residue_name, score, zscore, probability, pocket
A,   52, GLU,  0.7378,   0.0318,   0.0775, 0
A,   53, GLN,  0.5990,  -0.0456,   0.0511, 4
A,   54, PHE,  1.0247,   0.1917,   0.1476, 0
A,   55, GLU,  0.5305,  -0.0838,   0.0404, 0
A,   56, GLN,  0.5222,  -0.0884,   0.0391, 4
A,   57, CYS,  0.4786,  -0.1127,   0.0330, 4
A,   58, VAL,  1.2891,   0.3391,   0.2218, 0
A,   59, GLN,  0.4064,  -0.1529,   0.0243, 0
A,   60, ASN,  0.5699,  -0.0618,   0.0464, 4
A,   61, PHE,  0.5871,  -0.0522,   0.0492, 0
A,   62, ASN,  1.5269,   0.4716,   0.2901, 0
A,   63, LYS,  0.5384,  -0.0794,   0.0416, 0
A,   64, GLN,  0.5025,  -0.0994,   0.0363, 0
A,   65, LEU,  0.6430,  -0.0211,   0.0588, 0
A,   66, THR,  0.7743,   0.0521,   0.0855, 0
A,   67, GLU,  0.5045,  -0.0982,   0.0365, 0
A,   68, GLY,  0.0737,  -0.3384,   0.0016, 0
A,   69, THR,  0.9452,   0.1474,   0.1266, 0
A,   70, ARG,  0.6273,  -0.0298,   0.0560, 0
A,   71, LEU,  0.8327,   0.0847,   0.0988, 0
A,   72, GLN,  1.1381,   0.2549,   0.1788, 0
A,   73, LYS,  0.9462,   0.1480,   0.1269, 0
A,   74, ASP,  0.4208,  -0.1449,   0.0259, 2
A,   75, LEU,  0.8189,   0.0770,   0.0956, 2
A,   76, ARG,  1.3218,   0.3573,   0.2312, 0
A,   77, THR,  0.2174,  -0.2583,   0.0079, 0
A,   78, TYR,  1.0591,   0.2109,   0.1569, 2
A,   79, LEU,  1.0263,   0.1926,   0.1480, 0
A,   80, ALA,  0.3750,  -0.1704,   0.0209, 0
A,   81, SER,  0.5297,  -0.0842,   0.0403, 3
A,   82, VAL,  0.4687,  -0.1182,   0.0317, 3
A,   83, LYS,  1.6165,   0.5216,   0.3147, 0
A,   84, ALA,  0.1616,  -0.2894,   0.0048, 0
A,   85, MET,  1.4055,   0.4040,   0.2555, 3
A,   86, HSD,  0.9642,   0.1580,   0.1315, 0
A,   87, GLU,  0.4847,  -0.1093,   0.0338, 0
A,   88, ALA,  0.3079,  -0.2078,   0.0146, 6
A,   89, SER,  0.3293,  -0.1959,   0.0165, 6
A,   90, LYS,  1.4429,   0.4248,   0.2663, 0
A,   91, LYS,  0.7767,   0.0535,   0.0860, 0
A,   92, LEU,  1.1329,   0.2520,   0.1774, 6
A,   93, ASN,  1.1876,   0.2825,   0.1928, 0
A,   94, GLU,  0.8952,   0.1195,   0.1139, 0
A,   95, CYS,  1.2816,   0.3349,   0.2196, 0
A,   96, LEU,  0.7611,   0.0448,   0.0825, 0
A,   97, GLN,  1.2846,   0.3366,   0.2204, 0
A,   98, GLU,  1.0561,   0.2092,   0.1561, 0
A,   99, VAL,  0.8634,   0.1018,   0.1061, 0
A,  100, TYR,  0.5862,  -0.0527,   0.0491, 0
A,  101, GLU,  0.3849,  -0.1649,   0.0219, 0
A,  102, PRO,  0.1948,  -0.2709,   0.0066, 0
A,  103, ASP,  0.0827,  -0.3334,   0.0018, 0
A,  104, TRP,  0.6640,  -0.0094,   0.0626, 0
A,  105, PRO,  0.3549,  -0.1817,   0.0189, 0
A,  106, GLY,  0.2639,  -0.2324,   0.0111, 0
A,  107, ARG,  0.2422,  -0.2445,   0.0096, 0
A,  108, ASP,  0.2459,  -0.2424,   0.0098, 0
A,  109, GLU,  0.6843,   0.0020,   0.0666, 0
A,  110, ALA,  0.5253,  -0.0867,   0.0396, 0
A,  111, ASN,  0.9940,   0.1746,   0.1393, 0
A,  112, LYS,  0.6178,  -0.0351,   0.0543, 0
A,  113, ILE,  1.1065,   0.2373,   0.1700, 0
A,  114, ALA,  1.0227,   0.1906,   0.1471, 0
A,  115, GLU,  1.2078,   0.2938,   0.1985, 0
A,  116, ASN,  1.4408,   0.4236,   0.2657, 0
A,  117, ASN,  0.5169,  -0.0914,   0.0383, 0
A,  118, ASP,  1.0738,   0.2191,   0.1610, 0
A,  119, LEU,  0.8937,   0.1187,   0.1136, 0
A,  120, LEU,  1.0520,   0.2069,   0.1549, 0
A,  121, TRP,  1.7982,   0.6229,   0.3632, 0
A,  122, MET,  0.8631,   0.1016,   0.1061, 0
A,  123, ASP,  0.7355,   0.0305,   0.0771, 0
A,  124, TYR,  0.7992,   0.0660,   0.0910, 3
A,  125, HSD,  1.4654,   0.4373,   0.2728, 0
A,  126, GLN,  0.6323,  -0.0270,   0.0569, 0
A,  127, LYS,  0.9359,   0.1422,   0.1242, 0
A,  128, LEU,  0.5874,  -0.0520,   0.0493, 0
A,  129, VAL,  1.4369,   0.4215,   0.2645, 0
A,  130, ASP,  1.0910,   0.2287,   0.1657, 0
A,  131, GLN,  1.6213,   0.5243,   0.3161, 0
A,  132, ALA,  0.7378,   0.0318,   0.0775, 0
A,  133, LEU,  1.5555,   0.4876,   0.2982, 0
A,  134, LEU,  0.6096,  -0.0396,   0.0529, 0
A,  135, THR,  1.8620,   0.6584,   0.3795, 0
A,  136, MET,  0.7081,   0.0152,   0.0713, 0
A,  137, ASP,  0.6977,   0.0094,   0.0692, 0
A,  138, THR,  0.5856,  -0.0530,   0.0490, 0
A,  139, TYR,  1.8717,   0.6638,   0.3820, 0
A,  140, LEU,  0.6231,  -0.0321,   0.0552, 0
A,  141, GLY,  0.2776,  -0.2247,   0.0122, 0
A,  142, GLN,  1.8274,   0.6391,   0.3707, 0
A,  143, PHE,  0.8987,   0.1215,   0.1148, 0
A,  144, PRO,  0.2254,  -0.2538,   0.0084, 0
A,  145, ASP,  0.5554,  -0.0699,   0.0441, 0
A,  146, ILE,  0.8350,   0.0860,   0.0994, 0
A,  147, LYS,  1.4698,   0.4398,   0.2740, 0
A,  148, SER,  0.2509,  -0.2396,   0.0102, 0
A,  149, ARG,  1.0954,   0.2311,   0.1669, 0
A,  150, ILE,  1.0464,   0.2038,   0.1534, 0
A,  151, ALA,  0.7688,   0.0491,   0.0842, 0
A,  152, LYS,  0.9046,   0.1248,   0.1163, 0
A,  153, ARG,  0.8792,   0.1106,   0.1100, 0
A,  154, GLY,  0.4441,  -0.1319,   0.0287, 0
A,  155, ARG,  0.4999,  -0.1008,   0.0359, 0
A,  156, LYS,  0.6914,   0.0059,   0.0679, 0
A,  157, LEU,  0.9193,   0.1329,   0.1201, 0
A,  158, VAL,  0.2867,  -0.2196,   0.0129, 0
A,  159, ASP,  0.5169,  -0.0913,   0.0383, 0
A,  160, TYR,  0.9780,   0.1657,   0.1352, 0
A,  161, ASP,  0.3337,  -0.1935,   0.0170, 0
A,  162, SER,  0.4550,  -0.1258,   0.0300, 0
A,  163, ALA,  0.6249,  -0.0311,   0.0556, 0
A,  164, ARG,  0.8487,   0.0936,   0.1026, 0
A,  167, TYR,  0.7640,   0.0464,   0.0831, 0
A,  168, GLU,  0.3299,  -0.1956,   0.0166, 0
A,  169, SER,  0.2952,  -0.2149,   0.0136, 0
A,  170, LEU,  0.4644,  -0.1206,   0.0312, 0
A,  171, GLN,  0.3590,  -0.1793,   0.0193, 0
A,  172, THR,  0.2165,  -0.2588,   0.0078, 0
A,  180, LYS,  0.3354,  -0.1925,   0.0171, 0
A,  181, ILE,  0.5735,  -0.0598,   0.0470, 0
A,  182, ALA,  0.3845,  -0.1651,   0.0219, 0
A,  183, LYS,  0.4132,  -0.1491,   0.0250, 0
A,  184, ALA,  0.3219,  -0.2000,   0.0159, 0
A,  185, GLU,  0.5234,  -0.0877,   0.0393, 0
A,  186, GLU,  0.2436,  -0.2437,   0.0097, 0
A,  187, GLU,  0.5183,  -0.0906,   0.0385, 0
A,  188, LEU,  0.6591,  -0.0121,   0.0617, 0
A,  189, ILE,  0.5215,  -0.0888,   0.0390, 0
A,  190, LYS,  0.4278,  -0.1410,   0.0268, 0
A,  191, ALA,  0.4395,  -0.1345,   0.0282, 0
A,  192, GLN,  0.7506,   0.0389,   0.0802, 0
A,  193, LYS,  0.2750,  -0.2262,   0.0119, 0
A,  194, VAL,  0.7205,   0.0221,   0.0739, 0
A,  195, PHE,  0.9983,   0.1770,   0.1404, 0
A,  196, GLU,  0.6346,  -0.0257,   0.0573, 0
A,  197, GLU,  0.4907,  -0.1059,   0.0346, 0
A,  198, MET,  0.6206,  -0.0335,   0.0548, 0
A,  199, ASN,  0.8373,   0.0873,   0.0999, 0
A,  200, VAL,  0.4737,  -0.1154,   0.0324, 0
A,  201, ASP,  0.6537,  -0.0151,   0.0607, 0
A,  202, LEU,  0.1410,  -0.3008,   0.0039, 0
A,  203, GLN,  0.7449,   0.0357,   0.0790, 0
A,  204, GLU,  0.4760,  -0.1141,   0.0327, 0
A,  205, GLU,  1.0531,   0.2075,   0.1552, 0
A,  206, LEU,  0.3530,  -0.1827,   0.0187, 4
A,  207, PRO,  0.5800,  -0.0562,   0.0481, 4
A,  208, SER,  0.9003,   0.1224,   0.1152, 0
A,  209, LEU,  1.5214,   0.4686,   0.2886, 0
A,  210, TRP,  1.0494,   0.2055,   0.1542, 4
A,  211, ASN,  0.7209,   0.0224,   0.0740, 4
A,  212, SER,  1.3726,   0.3856,   0.2458, 0
A,  213, ARG,  1.3677,   0.3829,   0.2444, 0
A,  214, VAL,  0.9682,   0.1602,   0.1326, 0
A,  215, GLY,  0.4192,  -0.1458,   0.0257, 0
A,  216, PHE,  2.5754,   1.0561,   0.5365, 0
A,  217, TYR,  1.1678,   0.2715,   0.1873, 0
A,  218, VAL,  0.7412,   0.0337,   0.0783, 0
A,  219, ASN,  1.2405,   0.3120,   0.2078, 0
A,  220, THR,  1.3281,   0.3608,   0.2330, 0
A,  221, PHE,  1.6026,   0.5138,   0.3110, 2
A,  222, GLN,  0.4910,  -0.1058,   0.0347, 0
A,  223, SER,  1.0013,   0.1787,   0.1413, 0
A,  224, ILE,  0.9208,   0.1338,   0.1205, 2
A,  225, ALA,  0.5222,  -0.0884,   0.0391, 2
A,  226, GLY,  0.5114,  -0.0944,   0.0375, 0
A,  227, LEU,  0.6510,  -0.0166,   0.0602, 0
A,  228, GLU,  1.1197,   0.2447,   0.1738, 2
A,  229, GLU,  1.2185,   0.2997,   0.2016, 0
A,  230, ASN,  1.1504,   0.2617,   0.1823, 0
A,  231, PHE,  1.4662,   0.4378,   0.2730, 0
A,  232, HSD,  1.9106,   0.6855,   0.3916, 3
A,  233, LYS,  1.7471,   0.5944,   0.3502, 0
A,  234, GLU,  1.2139,   0.2972,   0.2003, 0
A,  235, MET,  1.1870,   0.2822,   0.1926, 6
A,  236, SER,  1.1296,   0.2502,   0.1765, 0
A,  237, LYS,  0.9915,   0.1732,   0.1386, 0
A,  238, LEU,  1.1846,   0.2808,   0.1919, 0
A,  239, ASN,  0.5857,  -0.0530,   0.0490, 6
A,  240, GLN,  0.6160,  -0.0361,   0.0540, 0
A,  241, ASN,  0.9999,   0.1779,   0.1409, 0
A,  242, LEU,  0.3203,  -0.2009,   0.0157, 0
A,  243, ASN,  0.4809,  -0.1114,   0.0333, 0
A,  244, ASP,  0.6541,  -0.0149,   0.0608, 0
A,  245, VAL,  0.5918,  -0.0496,   0.0500, 0
A,  246, LEU,  1.0361,   0.1981,   0.1506, 0
A,  247, VAL,  0.5915,  -0.0497,   0.0499, 0
A,  248, GLY,  0.6160,  -0.0361,   0.0540, 0
A,  249, LEU,  0.6765,  -0.0024,   0.0651, 0
B,   50, LYS,  0.9732,   0.1630,   0.1339, 0
B,   51, ASP,  0.8029,   0.0681,   0.0918, 0
B,   52, GLU,  1.0275,   0.1932,   0.1483, 5
B,   53, GLN,  1.3066,   0.3489,   0.2269, 0
B,   54, PHE,  1.0449,   0.2030,   0.1530, 0
B,   55, GLU,  0.3594,  -0.1792,   0.0194, 0
B,   56, GLN,  1.2269,   0.3044,   0.2039, 5
B,   57, CYS,  0.2841,  -0.2211,   0.0127, 5
B,   58, VAL,  0.6862,   0.0030,   0.0669, 0
B,   59, GLN,  0.7849,   0.0581,   0.0878, 0
B,   60, ASN,  0.7884,   0.0600,   0.0886, 5
B,   61, PHE,  0.8771,   0.1094,   0.1095, 0
B,   62, ASN,  1.0421,   0.2014,   0.1522, 0
B,   63, LYS,  0.5677,  -0.0630,   0.0460, 0
B,   64, GLN,  0.2236,  -0.2548,   0.0083, 0
B,   65, LEU,  0.9116,   0.1287,   0.1181, 0
B,   66, THR,  0.7996,   0.0662,   0.0911, 0
B,   67, GLU,  0.4971,  -0.1024,   0.0355, 0
B,   68, GLY,  0.1051,  -0.3209,   0.0025, 0
B,   69, THR,  0.6732,  -0.0042,   0.0644, 0
B,   70, ARG,  0.7126,   0.0177,   0.0722, 0
B,   71, LEU,  0.8702,   0.1056,   0.1078, 0
B,   72, GLN,  0.7974,   0.0650,   0.0906, 0
B,   73, LYS,  0.5271,  -0.0857,   0.0399, 0
B,   74, ASP,  0.8661,   0.1033,   0.1068, 0
B,   75, LEU,  0.9815,   0.1676,   0.1361, 0
B,   76, ARG,  1.1494,   0.2612,   0.1820, 0
B,   77, THR,  0.2882,  -0.2188,   0.0130, 0
B,   78, TYR,  2.3629,   0.9376,   0.4941, 0
B,   79, LEU,  0.9519,   0.1511,   0.1283, 0
B,   80, ALA,  0.4635,  -0.1211,   0.0311, 0
B,   81, SER,  0.8811,   0.1117,   0.1105, 0
B,   82, VAL,  1.2212,   0.3012,   0.2023, 0
B,   83, LYS,  1.6599,   0.5458,   0.3266, 0
B,   84, ALA,  0.2443,  -0.2433,   0.0097, 0
B,   85, MET,  1.9717,   0.7196,   0.4065, 0
B,   86, HSD,  1.7969,   0.6221,   0.3629, 0
B,   87, GLU,  1.1255,   0.2479,   0.1753, 0
B,   88, ALA,  0.4573,  -0.1246,   0.0303, 0
B,   89, SER,  0.7703,   0.0499,   0.0846, 1
B,   90, LYS,  1.9148,   0.6879,   0.3926, 0
B,   91, LYS,  1.0424,   0.2015,   0.1523, 0
B,   92, LEU,  0.9604,   0.1559,   0.1306, 1
B,   93, ASN,  1.4411,   0.4238,   0.2658, 1
B,   94, GLU,  1.5610,   0.4906,   0.2997, 0
B,   95, CYS,  1.1581,   0.2661,   0.1845, 0
B,   96, LEU,  1.0108,   0.1839,   0.1438, 1
B,   97, GLN,  1.5552,   0.4874,   0.2981, 1
B,   98, GLU,  0.9557,   0.1533,   0.1293, 0
B,   99, VAL,  0.5249,  -0.0869,   0.0395, 0
B,  100, TYR,  1.4458,   0.4265,   0.2672, 1
B,  101, GLU,  0.5749,  -0.0590,   0.0472, 0
B,  102, PRO,  0.1443,  -0.2990,   0.0041, 0
B,  103, ASP,  0.1110,  -0.3176,   0.0027, 0
B,  104, TRP,  1.1705,   0.2730,   0.1880, 0
B,  105, PRO,  0.9178,   0.1321,   0.1197, 0
B,  106, GLY,  1.0705,   0.2172,   0.1601, 0
B,  107, ARG,  0.7213,   0.0226,   0.0741, 0
B,  108, ASP,  0.5484,  -0.0738,   0.0430, 0
B,  109, GLU,  1.3414,   0.3682,   0.2368, 0
B,  110, ALA,  0.5096,  -0.0954,   0.0373, 1
B,  111, ASN,  1.4937,   0.4531,   0.2808, 0
B,  112, LYS,  0.6774,  -0.0019,   0.0652, 0
B,  113, ILE,  1.6493,   0.5398,   0.3237, 1
B,  114, ALA,  1.3508,   0.3735,   0.2395, 1
B,  115, GLU,  1.0689,   0.2163,   0.1597, 0
B,  116, ASN,  1.2072,   0.2934,   0.1984, 0
B,  117, ASN,  1.0917,   0.2291,   0.1659, 1
B,  118, ASP,  1.3548,   0.3757,   0.2406, 0
B,  119, LEU,  0.7346,   0.0300,   0.0769, 0
B,  120, LEU,  1.3324,   0.3632,   0.2342, 0
B,  121, TRP,  2.0524,   0.7646,   0.4257, 1
B,  122, MET,  1.4720,   0.4410,   0.2746, 0
B,  123, ASP,  1.2209,   0.3011,   0.2023, 0
B,  124, TYR,  2.4556,   0.9893,   0.5132, 0
B,  125, HSD,  1.2702,   0.3286,   0.2164, 0
B,  126, GLN,  0.9651,   0.1585,   0.1318, 0
B,  127, LYS,  1.6838,   0.5591,   0.3331, 0
B,  128, LEU,  0.6936,   0.0071,   0.0684, 0
B,  129, VAL,  0.7717,   0.0507,   0.0849, 0
B,  130, ASP,  0.7516,   0.0395,   0.0804, 0
B,  131, GLN,  1.5610,   0.4906,   0.2996, 0
B,  132, ALA,  0.5024,  -0.0994,   0.0362, 0
B,  133, LEU,  0.6432,  -0.0209,   0.0588, 0
B,  134, LEU,  0.5495,  -0.0732,   0.0432, 0
B,  135, THR,  1.3539,   0.3752,   0.2404, 0
B,  136, MET,  0.6839,   0.0017,   0.0665, 0
B,  137, ASP,  0.5177,  -0.0909,   0.0384, 0
B,  138, THR,  0.4918,  -0.1053,   0.0348, 0
B,  139, TYR,  0.9194,   0.1330,   0.1201, 0
B,  140, LEU,  0.5134,  -0.0933,   0.0378, 0
B,  141, GLY,  0.3536,  -0.1824,   0.0188, 0
B,  142, GLN,  1.5120,   0.4633,   0.2860, 0
B,  143, PHE,  0.6376,  -0.0241,   0.0578, 0
B,  144, PRO,  0.3800,  -0.1676,   0.0214, 0
B,  145, ASP,  0.2783,  -0.2243,   0.0122, 0
B,  146, ILE,  0.8640,   0.1021,   0.1063, 0
B,  147, LYS,  0.9666,   0.1593,   0.1322, 0
B,  148, SER,  0.2786,  -0.2242,   0.0122, 0
B,  149, ARG,  1.2996,   0.3449,   0.2248, 0
B,  150, ILE,  0.6011,  -0.0444,   0.0515, 0
B,  151, ALA,  0.3934,  -0.1602,   0.0228, 0
B,  152, LYS,  0.7151,   0.0191,   0.0728, 0
B,  153, ARG,  1.2113,   0.2957,   0.1995, 0
B,  154, GLY,  0.3450,  -0.1871,   0.0180, 0
B,  155, ARG,  0.3714,  -0.1724,   0.0205, 0
B,  156, LYS,  0.4910,  -0.1058,   0.0347, 0
B,  157, LEU,  0.6875,   0.0038,   0.0672, 0
B,  158, VAL,  0.3442,  -0.1876,   0.0179, 0
B,  159, ASP,  0.4321,  -0.1386,   0.0273, 0
B,  160, TYR,  0.7370,   0.0313,   0.0774, 0
B,  161, ASP,  0.2465,  -0.2421,   0.0099, 0
B,  162, SER,  0.3495,  -0.1846,   0.0184, 0
B,  163, ALA,  0.4438,  -0.1321,   0.0287, 0
B,  164, ARG,  0.6764,  -0.0024,   0.0650, 0
B,  167, TYR,  0.5391,  -0.0790,   0.0417, 0
B,  168, GLU,  0.2954,  -0.2148,   0.0136, 0
B,  169, SER,  0.3825,  -0.1662,   0.0217, 0
B,  170, LEU,  0.4136,  -0.1489,   0.0251, 0
B,  171, GLN,  0.3732,  -0.1715,   0.0207, 0
B,  172, THR,  0.3106,  -0.2063,   0.0149, 0
B,  173, ALA,  0.2661,  -0.2311,   0.0113, 0
B,  174, LYS,  0.2610,  -0.2340,   0.0109, 0
B,  175, LYS,  0.2116,  -0.2615,   0.0075, 0
B,  176, LYS,  0.2702,  -0.2288,   0.0116, 0
B,  177, ASP,  0.1006,  -0.3234,   0.0024, 0
B,  178, GLU,  0.1370,  -0.3031,   0.0038, 0
B,  179, ALA,  0.3199,  -0.2012,   0.0157, 0
B,  180, LYS,  0.3020,  -0.2111,   0.0141, 0
B,  181, ILE,  0.4094,  -0.1513,   0.0246, 0
B,  182, ALA,  0.2647,  -0.2319,   0.0112, 0
B,  183, LYS,  0.3075,  -0.2081,   0.0146, 0
B,  184, ALA,  0.2740,  -0.2267,   0.0119, 0
B,  185, GLU,  0.4146,  -0.1483,   0.0252, 0
B,  186, GLU,  0.2300,  -0.2513,   0.0087, 0
B,  187, GLU,  0.4511,  -0.1280,   0.0295, 0
B,  188, LEU,  0.4074,  -0.1524,   0.0244, 0
B,  189, ILE,  0.5422,  -0.0772,   0.0421, 0
B,  190, LYS,  0.3926,  -0.1606,   0.0228, 0
B,  191, ALA,  0.3720,  -0.1721,   0.0206, 0
B,  192, GLN,  0.6695,  -0.0063,   0.0637, 0
B,  193, LYS,  0.2793,  -0.2238,   0.0123, 0
B,  194, VAL,  0.4862,  -0.1084,   0.0341, 0
B,  195, PHE,  0.9128,   0.1293,   0.1184, 0
B,  196, GLU,  0.7241,   0.0242,   0.0747, 0
B,  197, GLU,  0.3481,  -0.1854,   0.0183, 0
B,  198, MET,  0.6341,  -0.0260,   0.0572, 0
B,  199, ASN,  1.1868,   0.2821,   0.1925, 0
B,  200, VAL,  0.5316,  -0.0832,   0.0405, 0
B,  201, ASP,  0.4659,  -0.1198,   0.0314, 0
B,  202, LEU,  0.3568,  -0.1806,   0.0191, 0
B,  203, GLN,  1.0408,   0.2007,   0.1519, 0
B,  204, GLU,  0.3002,  -0.2121,   0.0140, 0
B,  205, GLU,  0.9626,   0.1571,   0.1311, 0
B,  206, LEU,  0.4104,  -0.1507,   0.0247, 5
B,  207, PRO,  0.4835,  -0.1100,   0.0337, 5
B,  208, SER,  0.6077,  -0.0407,   0.0526, 0
B,  209, LEU,  1.2288,   0.3055,   0.2045, 0
B,  210, TRP,  0.8195,   0.0773,   0.0957, 5
B,  211, ASN,  0.6398,  -0.0228,   0.0582, 5
B,  212, SER,  0.8970,   0.1205,   0.1144, 0
B,  213, ARG,  0.9155,   0.1308,   0.1191, 0
B,  214, VAL,  0.5994,  -0.0454,   0.0512, 0
B,  215, GLY,  0.4775,  -0.1133,   0.0329, 0
B,  216, PHE,  1.8225,   0.6364,   0.3694, 0
B,  217, TYR,  0.6821,   0.0008,   0.0662, 0
B,  218, VAL,  0.5288,  -0.0847,   0.0401, 0
B,  219, ASN,  1.1665,   0.2707,   0.1869, 0
B,  220, THR,  1.3393,   0.3671,   0.2362, 0
B,  221, PHE,  1.6579,   0.5447,   0.3261, 0
B,  222, GLN,  0.5147,  -0.0926,   0.0380, 0
B,  223, SER,  1.2890,   0.3390,   0.2217, 0
B,  224, ILE,  1.9910,   0.7303,   0.4113, 0
B,  225, ALA,  0.5008,  -0.1003,   0.0360, 0
B,  226, GLY,  0.5410,  -0.0779,   0.0419, 0
B,  227, LEU,  1.3409,   0.3680,   0.2366, 0
B,  228, GLU,  2.3224,   0.9151,   0.4854, 0
B,  229, GLU,  0.4055,  -0.1534,   0.0242, 0
B,  230, ASN,  1.6301,   0.5292,   0.3185, 0
B,  231, PHE,  2.7399,   1.1478,   0.5669, 0
B,  232, HSD,  2.0140,   0.7431,   0.4167, 0
B,  233, LYS,  0.9988,   0.1773,   0.1406, 0
B,  234, GLU,  1.6147,   0.5206,   0.3143, 0
B,  235, MET,  2.1091,   0.7962,   0.4385, 1
B,  236, SER,  1.0617,   0.2123,   0.1576, 0
B,  237, LYS,  0.8471,   0.0927,   0.1022, 0
B,  238, LEU,  1.6691,   0.5509,   0.3291, 1
B,  239, ASN,  0.8542,   0.0967,   0.1039, 1
B,  240, GLN,  0.7907,   0.0613,   0.0891, 0
B,  241, ASN,  1.3584,   0.3777,   0.2417, 0
B,  242, LEU,  1.4256,   0.4152,   0.2613, 1
B,  243, ASN,  0.2589,  -0.2351,   0.0107, 0
B,  244, ASP,  0.7490,   0.0380,   0.0799, 0
B,  245, VAL,  1.4095,   0.4062,   0.2567, 0
B,  246, LEU,  1.2300,   0.3061,   0.2048, 0
B,  247, VAL,  0.5019,  -0.0997,   0.0362, 0
B,  248, GLY,  0.7468,   0.0368,   0.0794, 0
B,  249, LEU,  1.0057,   0.1811,   0.1424, 0
B,  250, GLU,  1.2497,   0.3171,   0.2104, 0
